"year","line_number","line_desc","value","table_label","table_name","source"
1925,1,"Private fixed assets",7955,"private_lf_inv","FAAt604","API"
1926,1,"Private fixed assets",8524,"private_lf_inv","FAAt604","API"
1927,1,"Private fixed assets",8828,"private_lf_inv","FAAt604","API"
1928,1,"Private fixed assets",9076,"private_lf_inv","FAAt604","API"
1929,1,"Private fixed assets",9409,"private_lf_inv","FAAt604","API"
1930,1,"Private fixed assets",9219,"private_lf_inv","FAAt604","API"
1931,1,"Private fixed assets",8549,"private_lf_inv","FAAt604","API"
1932,1,"Private fixed assets",7464,"private_lf_inv","FAAt604","API"
1933,1,"Private fixed assets",7041,"private_lf_inv","FAAt604","API"
1934,1,"Private fixed assets",7288,"private_lf_inv","FAAt604","API"
1935,1,"Private fixed assets",7324,"private_lf_inv","FAAt604","API"
1936,1,"Private fixed assets",7508,"private_lf_inv","FAAt604","API"
1937,1,"Private fixed assets",8371,"private_lf_inv","FAAt604","API"
1938,1,"Private fixed assets",8580,"private_lf_inv","FAAt604","API"
1939,1,"Private fixed assets",8590,"private_lf_inv","FAAt604","API"
1940,1,"Private fixed assets",8976,"private_lf_inv","FAAt604","API"
1941,1,"Private fixed assets",9950,"private_lf_inv","FAAt604","API"
1942,1,"Private fixed assets",11246,"private_lf_inv","FAAt604","API"
1943,1,"Private fixed assets",11539,"private_lf_inv","FAAt604","API"
1944,1,"Private fixed assets",12038,"private_lf_inv","FAAt604","API"
1945,1,"Private fixed assets",12507,"private_lf_inv","FAAt604","API"
1946,1,"Private fixed assets",14247,"private_lf_inv","FAAt604","API"
1947,1,"Private fixed assets",17736,"private_lf_inv","FAAt604","API"
1948,1,"Private fixed assets",20821,"private_lf_inv","FAAt604","API"
1949,1,"Private fixed assets",22590,"private_lf_inv","FAAt604","API"
1950,1,"Private fixed assets",24334,"private_lf_inv","FAAt604","API"
1951,1,"Private fixed assets",27747,"private_lf_inv","FAAt604","API"
1952,1,"Private fixed assets",29544,"private_lf_inv","FAAt604","API"
1953,1,"Private fixed assets",31345,"private_lf_inv","FAAt604","API"
1954,1,"Private fixed assets",32959,"private_lf_inv","FAAt604","API"
1955,1,"Private fixed assets",34996,"private_lf_inv","FAAt604","API"
1956,1,"Private fixed assets",38812,"private_lf_inv","FAAt604","API"
1957,1,"Private fixed assets",42260,"private_lf_inv","FAAt604","API"
1958,1,"Private fixed assets",44911,"private_lf_inv","FAAt604","API"
1959,1,"Private fixed assets",46820,"private_lf_inv","FAAt604","API"
1960,1,"Private fixed assets",48210,"private_lf_inv","FAAt604","API"
1961,1,"Private fixed assets",49782,"private_lf_inv","FAAt604","API"
1962,1,"Private fixed assets",51796,"private_lf_inv","FAAt604","API"
1963,1,"Private fixed assets",54159,"private_lf_inv","FAAt604","API"
1964,1,"Private fixed assets",57277,"private_lf_inv","FAAt604","API"
1965,1,"Private fixed assets",61569,"private_lf_inv","FAAt604","API"
1966,1,"Private fixed assets",67173,"private_lf_inv","FAAt604","API"
1967,1,"Private fixed assets",73329,"private_lf_inv","FAAt604","API"
1968,1,"Private fixed assets",80604,"private_lf_inv","FAAt604","API"
1969,1,"Private fixed assets",89434,"private_lf_inv","FAAt604","API"
1970,1,"Private fixed assets",98261,"private_lf_inv","FAAt604","API"
1971,1,"Private fixed assets",107637,"private_lf_inv","FAAt604","API"
1972,1,"Private fixed assets",117495,"private_lf_inv","FAAt604","API"
1973,1,"Private fixed assets",131493,"private_lf_inv","FAAt604","API"
1974,1,"Private fixed assets",153159,"private_lf_inv","FAAt604","API"
1975,1,"Private fixed assets",178787,"private_lf_inv","FAAt604","API"
1976,1,"Private fixed assets",196508,"private_lf_inv","FAAt604","API"
1977,1,"Private fixed assets",221120,"private_lf_inv","FAAt604","API"
1978,1,"Private fixed assets",252105,"private_lf_inv","FAAt604","API"
1979,1,"Private fixed assets",290723,"private_lf_inv","FAAt604","API"
1980,1,"Private fixed assets",334967,"private_lf_inv","FAAt604","API"
1981,1,"Private fixed assets",381921,"private_lf_inv","FAAt604","API"
1982,1,"Private fixed assets",420389,"private_lf_inv","FAAt604","API"
1983,1,"Private fixed assets",438784,"private_lf_inv","FAAt604","API"
1984,1,"Private fixed assets",463508,"private_lf_inv","FAAt604","API"
1985,1,"Private fixed assets",496400,"private_lf_inv","FAAt604","API"
1986,1,"Private fixed assets",531562,"private_lf_inv","FAAt604","API"
1987,1,"Private fixed assets",566012,"private_lf_inv","FAAt604","API"
1988,1,"Private fixed assets",607911,"private_lf_inv","FAAt604","API"
1989,1,"Private fixed assets",649618,"private_lf_inv","FAAt604","API"
1990,1,"Private fixed assets",688395,"private_lf_inv","FAAt604","API"
1991,1,"Private fixed assets",721456,"private_lf_inv","FAAt604","API"
1992,1,"Private fixed assets",742886,"private_lf_inv","FAAt604","API"
1993,1,"Private fixed assets",778209,"private_lf_inv","FAAt604","API"
1994,1,"Private fixed assets",822507,"private_lf_inv","FAAt604","API"
1995,1,"Private fixed assets",880716,"private_lf_inv","FAAt604","API"
1996,1,"Private fixed assets",929122,"private_lf_inv","FAAt604","API"
1997,1,"Private fixed assets",987736,"private_lf_inv","FAAt604","API"
1998,1,"Private fixed assets",1052162,"private_lf_inv","FAAt604","API"
1999,1,"Private fixed assets",1132214,"private_lf_inv","FAAt604","API"
2000,1,"Private fixed assets",1231526,"private_lf_inv","FAAt604","API"
2001,1,"Private fixed assets",1311694,"private_lf_inv","FAAt604","API"
2002,1,"Private fixed assets",1361824,"private_lf_inv","FAAt604","API"
2003,1,"Private fixed assets",1411966,"private_lf_inv","FAAt604","API"
2004,1,"Private fixed assets",1497124,"private_lf_inv","FAAt604","API"
2005,1,"Private fixed assets",1622632,"private_lf_inv","FAAt604","API"
2006,1,"Private fixed assets",1751846,"private_lf_inv","FAAt604","API"
2007,1,"Private fixed assets",1852444,"private_lf_inv","FAAt604","API"
2008,1,"Private fixed assets",1931948,"private_lf_inv","FAAt604","API"
2009,1,"Private fixed assets",1928510,"private_lf_inv","FAAt604","API"
2010,1,"Private fixed assets",1933238,"private_lf_inv","FAAt604","API"
2011,1,"Private fixed assets",1997214,"private_lf_inv","FAAt604","API"
2012,1,"Private fixed assets",2081931,"private_lf_inv","FAAt604","API"
2013,1,"Private fixed assets",2176593,"private_lf_inv","FAAt604","API"
2014,1,"Private fixed assets",2301350,"private_lf_inv","FAAt604","API"
2015,1,"Private fixed assets",2397865,"private_lf_inv","FAAt604","API"
2016,1,"Private fixed assets",2475581,"private_lf_inv","FAAt604","API"
2017,1,"Private fixed assets",2599066,"private_lf_inv","FAAt604","API"
2018,1,"Private fixed assets",2737301,"private_lf_inv","FAAt604","API"
2019,1,"Private fixed assets",2879704,"private_lf_inv","FAAt604","API"
2020,1,"Private fixed assets",3005721,"private_lf_inv","FAAt604","API"
2021,1,"Private fixed assets",3211856,"private_lf_inv","FAAt604","API"
2022,1,"Private fixed assets",3578376,"private_lf_inv","FAAt604","API"
2023,1,"Private fixed assets",3800377,"private_lf_inv","FAAt604","API"
2024,1,"Private fixed assets",3992907,"private_lf_inv","FAAt604","API"
1925,2,"Corporate",4656,"private_lf_inv","FAAt604","API"
1926,2,"Corporate",4916,"private_lf_inv","FAAt604","API"
1927,2,"Corporate",5042,"private_lf_inv","FAAt604","API"
1928,2,"Corporate",5125,"private_lf_inv","FAAt604","API"
1929,2,"Corporate",5240,"private_lf_inv","FAAt604","API"
1930,2,"Corporate",5091,"private_lf_inv","FAAt604","API"
1931,2,"Corporate",4762,"private_lf_inv","FAAt604","API"
1932,2,"Corporate",4249,"private_lf_inv","FAAt604","API"
1933,2,"Corporate",4018,"private_lf_inv","FAAt604","API"
1934,2,"Corporate",4114,"private_lf_inv","FAAt604","API"
1935,2,"Corporate",4193,"private_lf_inv","FAAt604","API"
1936,2,"Corporate",4257,"private_lf_inv","FAAt604","API"
1937,2,"Corporate",4755,"private_lf_inv","FAAt604","API"
1938,2,"Corporate",4829,"private_lf_inv","FAAt604","API"
1939,2,"Corporate",4832,"private_lf_inv","FAAt604","API"
1940,2,"Corporate",5050,"private_lf_inv","FAAt604","API"
1941,2,"Corporate",5594,"private_lf_inv","FAAt604","API"
1942,2,"Corporate",6401,"private_lf_inv","FAAt604","API"
1943,2,"Corporate",6565,"private_lf_inv","FAAt604","API"
1944,2,"Corporate",6760,"private_lf_inv","FAAt604","API"
1945,2,"Corporate",6982,"private_lf_inv","FAAt604","API"
1946,2,"Corporate",8015,"private_lf_inv","FAAt604","API"
1947,2,"Corporate",9816,"private_lf_inv","FAAt604","API"
1948,2,"Corporate",11506,"private_lf_inv","FAAt604","API"
1949,2,"Corporate",12432,"private_lf_inv","FAAt604","API"
1950,2,"Corporate",13307,"private_lf_inv","FAAt604","API"
1951,2,"Corporate",15158,"private_lf_inv","FAAt604","API"
1952,2,"Corporate",16140,"private_lf_inv","FAAt604","API"
1953,2,"Corporate",17321,"private_lf_inv","FAAt604","API"
1954,2,"Corporate",18362,"private_lf_inv","FAAt604","API"
1955,2,"Corporate",19585,"private_lf_inv","FAAt604","API"
1956,2,"Corporate",22116,"private_lf_inv","FAAt604","API"
1957,2,"Corporate",24593,"private_lf_inv","FAAt604","API"
1958,2,"Corporate",26425,"private_lf_inv","FAAt604","API"
1959,2,"Corporate",27653,"private_lf_inv","FAAt604","API"
1960,2,"Corporate",28521,"private_lf_inv","FAAt604","API"
1961,2,"Corporate",29559,"private_lf_inv","FAAt604","API"
1962,2,"Corporate",30877,"private_lf_inv","FAAt604","API"
1963,2,"Corporate",32457,"private_lf_inv","FAAt604","API"
1964,2,"Corporate",34457,"private_lf_inv","FAAt604","API"
1965,2,"Corporate",37189,"private_lf_inv","FAAt604","API"
1966,2,"Corporate",40912,"private_lf_inv","FAAt604","API"
1967,2,"Corporate",45154,"private_lf_inv","FAAt604","API"
1968,2,"Corporate",50055,"private_lf_inv","FAAt604","API"
1969,2,"Corporate",55774,"private_lf_inv","FAAt604","API"
1970,2,"Corporate",61888,"private_lf_inv","FAAt604","API"
1971,2,"Corporate",67722,"private_lf_inv","FAAt604","API"
1972,2,"Corporate",73569,"private_lf_inv","FAAt604","API"
1973,2,"Corporate",82143,"private_lf_inv","FAAt604","API"
1974,2,"Corporate",96241,"private_lf_inv","FAAt604","API"
1975,2,"Corporate",113760,"private_lf_inv","FAAt604","API"
1976,2,"Corporate",125314,"private_lf_inv","FAAt604","API"
1977,2,"Corporate",140799,"private_lf_inv","FAAt604","API"
1978,2,"Corporate",159693,"private_lf_inv","FAAt604","API"
1979,2,"Corporate",183846,"private_lf_inv","FAAt604","API"
1980,2,"Corporate",212651,"private_lf_inv","FAAt604","API"
1981,2,"Corporate",245507,"private_lf_inv","FAAt604","API"
1982,2,"Corporate",273224,"private_lf_inv","FAAt604","API"
1983,2,"Corporate",286630,"private_lf_inv","FAAt604","API"
1984,2,"Corporate",303950,"private_lf_inv","FAAt604","API"
1985,2,"Corporate",327679,"private_lf_inv","FAAt604","API"
1986,2,"Corporate",350721,"private_lf_inv","FAAt604","API"
1987,2,"Corporate",372009,"private_lf_inv","FAAt604","API"
1988,2,"Corporate",399854,"private_lf_inv","FAAt604","API"
1989,2,"Corporate",427148,"private_lf_inv","FAAt604","API"
1990,2,"Corporate",454686,"private_lf_inv","FAAt604","API"
1991,2,"Corporate",479628,"private_lf_inv","FAAt604","API"
1992,2,"Corporate",494349,"private_lf_inv","FAAt604","API"
1993,2,"Corporate",517187,"private_lf_inv","FAAt604","API"
1994,2,"Corporate",547585,"private_lf_inv","FAAt604","API"
1995,2,"Corporate",590418,"private_lf_inv","FAAt604","API"
1996,2,"Corporate",626340,"private_lf_inv","FAAt604","API"
1997,2,"Corporate",670041,"private_lf_inv","FAAt604","API"
1998,2,"Corporate",714984,"private_lf_inv","FAAt604","API"
1999,2,"Corporate",769635,"private_lf_inv","FAAt604","API"
2000,2,"Corporate",838620,"private_lf_inv","FAAt604","API"
2001,2,"Corporate",888572,"private_lf_inv","FAAt604","API"
2002,2,"Corporate",914587,"private_lf_inv","FAAt604","API"
2003,2,"Corporate",932541,"private_lf_inv","FAAt604","API"
2004,2,"Corporate",973014,"private_lf_inv","FAAt604","API"
2005,2,"Corporate",1042069,"private_lf_inv","FAAt604","API"
2006,2,"Corporate",1119303,"private_lf_inv","FAAt604","API"
2007,2,"Corporate",1188944,"private_lf_inv","FAAt604","API"
2008,2,"Corporate",1256741,"private_lf_inv","FAAt604","API"
2009,2,"Corporate",1263659,"private_lf_inv","FAAt604","API"
2010,2,"Corporate",1270714,"private_lf_inv","FAAt604","API"
2011,2,"Corporate",1324537,"private_lf_inv","FAAt604","API"
2012,2,"Corporate",1392029,"private_lf_inv","FAAt604","API"
2013,2,"Corporate",1447694,"private_lf_inv","FAAt604","API"
2014,2,"Corporate",1524311,"private_lf_inv","FAAt604","API"
2015,2,"Corporate",1587221,"private_lf_inv","FAAt604","API"
2016,2,"Corporate",1629907,"private_lf_inv","FAAt604","API"
2017,2,"Corporate",1709313,"private_lf_inv","FAAt604","API"
2018,2,"Corporate",1793566,"private_lf_inv","FAAt604","API"
2019,2,"Corporate",1891831,"private_lf_inv","FAAt604","API"
2020,2,"Corporate",1968202,"private_lf_inv","FAAt604","API"
2021,2,"Corporate",2070269,"private_lf_inv","FAAt604","API"
2022,2,"Corporate",2287902,"private_lf_inv","FAAt604","API"
2023,2,"Corporate",2447353,"private_lf_inv","FAAt604","API"
2024,2,"Corporate",2583318,"private_lf_inv","FAAt604","API"
1925,3,"Financial",172,"private_lf_inv","FAAt604","API"
1926,3,"Financial",200,"private_lf_inv","FAAt604","API"
1927,3,"Financial",202,"private_lf_inv","FAAt604","API"
1928,3,"Financial",206,"private_lf_inv","FAAt604","API"
1929,3,"Financial",211,"private_lf_inv","FAAt604","API"
1930,3,"Financial",207,"private_lf_inv","FAAt604","API"
1931,3,"Financial",189,"private_lf_inv","FAAt604","API"
1932,3,"Financial",163,"private_lf_inv","FAAt604","API"
1933,3,"Financial",148,"private_lf_inv","FAAt604","API"
1934,3,"Financial",158,"private_lf_inv","FAAt604","API"
1935,3,"Financial",161,"private_lf_inv","FAAt604","API"
1936,3,"Financial",167,"private_lf_inv","FAAt604","API"
1937,3,"Financial",185,"private_lf_inv","FAAt604","API"
1938,3,"Financial",188,"private_lf_inv","FAAt604","API"
1939,3,"Financial",186,"private_lf_inv","FAAt604","API"
1940,3,"Financial",193,"private_lf_inv","FAAt604","API"
1941,3,"Financial",217,"private_lf_inv","FAAt604","API"
1942,3,"Financial",261,"private_lf_inv","FAAt604","API"
1943,3,"Financial",246,"private_lf_inv","FAAt604","API"
1944,3,"Financial",249,"private_lf_inv","FAAt604","API"
1945,3,"Financial",230,"private_lf_inv","FAAt604","API"
1946,3,"Financial",243,"private_lf_inv","FAAt604","API"
1947,3,"Financial",314,"private_lf_inv","FAAt604","API"
1948,3,"Financial",364,"private_lf_inv","FAAt604","API"
1949,3,"Financial",398,"private_lf_inv","FAAt604","API"
1950,3,"Financial",431,"private_lf_inv","FAAt604","API"
1951,3,"Financial",491,"private_lf_inv","FAAt604","API"
1952,3,"Financial",525,"private_lf_inv","FAAt604","API"
1953,3,"Financial",564,"private_lf_inv","FAAt604","API"
1954,3,"Financial",605,"private_lf_inv","FAAt604","API"
1955,3,"Financial",636,"private_lf_inv","FAAt604","API"
1956,3,"Financial",719,"private_lf_inv","FAAt604","API"
1957,3,"Financial",792,"private_lf_inv","FAAt604","API"
1958,3,"Financial",886,"private_lf_inv","FAAt604","API"
1959,3,"Financial",915,"private_lf_inv","FAAt604","API"
1960,3,"Financial",910,"private_lf_inv","FAAt604","API"
1961,3,"Financial",944,"private_lf_inv","FAAt604","API"
1962,3,"Financial",994,"private_lf_inv","FAAt604","API"
1963,3,"Financial",1056,"private_lf_inv","FAAt604","API"
1964,3,"Financial",1138,"private_lf_inv","FAAt604","API"
1965,3,"Financial",1281,"private_lf_inv","FAAt604","API"
1966,3,"Financial",1429,"private_lf_inv","FAAt604","API"
1967,3,"Financial",1600,"private_lf_inv","FAAt604","API"
1968,3,"Financial",1843,"private_lf_inv","FAAt604","API"
1969,3,"Financial",2155,"private_lf_inv","FAAt604","API"
1970,3,"Financial",2463,"private_lf_inv","FAAt604","API"
1971,3,"Financial",2784,"private_lf_inv","FAAt604","API"
1972,3,"Financial",3128,"private_lf_inv","FAAt604","API"
1973,3,"Financial",3655,"private_lf_inv","FAAt604","API"
1974,3,"Financial",4486,"private_lf_inv","FAAt604","API"
1975,3,"Financial",5609,"private_lf_inv","FAAt604","API"
1976,3,"Financial",6576,"private_lf_inv","FAAt604","API"
1977,3,"Financial",7711,"private_lf_inv","FAAt604","API"
1978,3,"Financial",8936,"private_lf_inv","FAAt604","API"
1979,3,"Financial",10705,"private_lf_inv","FAAt604","API"
1980,3,"Financial",12993,"private_lf_inv","FAAt604","API"
1981,3,"Financial",15526,"private_lf_inv","FAAt604","API"
1982,3,"Financial",18320,"private_lf_inv","FAAt604","API"
1983,3,"Financial",20884,"private_lf_inv","FAAt604","API"
1984,3,"Financial",23767,"private_lf_inv","FAAt604","API"
1985,3,"Financial",27401,"private_lf_inv","FAAt604","API"
1986,3,"Financial",31464,"private_lf_inv","FAAt604","API"
1987,3,"Financial",35960,"private_lf_inv","FAAt604","API"
1988,3,"Financial",40984,"private_lf_inv","FAAt604","API"
1989,3,"Financial",46269,"private_lf_inv","FAAt604","API"
1990,3,"Financial",51305,"private_lf_inv","FAAt604","API"
1991,3,"Financial",55280,"private_lf_inv","FAAt604","API"
1992,3,"Financial",57300,"private_lf_inv","FAAt604","API"
1993,3,"Financial",60519,"private_lf_inv","FAAt604","API"
1994,3,"Financial",64372,"private_lf_inv","FAAt604","API"
1995,3,"Financial",68647,"private_lf_inv","FAAt604","API"
1996,3,"Financial",71139,"private_lf_inv","FAAt604","API"
1997,3,"Financial",74279,"private_lf_inv","FAAt604","API"
1998,3,"Financial",79521,"private_lf_inv","FAAt604","API"
1999,3,"Financial",88929,"private_lf_inv","FAAt604","API"
2000,3,"Financial",99282,"private_lf_inv","FAAt604","API"
2001,3,"Financial",105067,"private_lf_inv","FAAt604","API"
2002,3,"Financial",109563,"private_lf_inv","FAAt604","API"
2003,3,"Financial",114350,"private_lf_inv","FAAt604","API"
2004,3,"Financial",121060,"private_lf_inv","FAAt604","API"
2005,3,"Financial",128459,"private_lf_inv","FAAt604","API"
2006,3,"Financial",134858,"private_lf_inv","FAAt604","API"
2007,3,"Financial",141725,"private_lf_inv","FAAt604","API"
2008,3,"Financial",147991,"private_lf_inv","FAAt604","API"
2009,3,"Financial",149032,"private_lf_inv","FAAt604","API"
2010,3,"Financial",147219,"private_lf_inv","FAAt604","API"
2011,3,"Financial",151074,"private_lf_inv","FAAt604","API"
2012,3,"Financial",157221,"private_lf_inv","FAAt604","API"
2013,3,"Financial",164899,"private_lf_inv","FAAt604","API"
2014,3,"Financial",171631,"private_lf_inv","FAAt604","API"
2015,3,"Financial",178958,"private_lf_inv","FAAt604","API"
2016,3,"Financial",188888,"private_lf_inv","FAAt604","API"
2017,3,"Financial",199900,"private_lf_inv","FAAt604","API"
2018,3,"Financial",211419,"private_lf_inv","FAAt604","API"
2019,3,"Financial",227134,"private_lf_inv","FAAt604","API"
2020,3,"Financial",240087,"private_lf_inv","FAAt604","API"
2021,3,"Financial",254815,"private_lf_inv","FAAt604","API"
2022,3,"Financial",277417,"private_lf_inv","FAAt604","API"
2023,3,"Financial",293062,"private_lf_inv","FAAt604","API"
2024,3,"Financial",308962,"private_lf_inv","FAAt604","API"
1925,4,"Nonfinancial",4485,"private_lf_inv","FAAt604","API"
1926,4,"Nonfinancial",4717,"private_lf_inv","FAAt604","API"
1927,4,"Nonfinancial",4840,"private_lf_inv","FAAt604","API"
1928,4,"Nonfinancial",4919,"private_lf_inv","FAAt604","API"
1929,4,"Nonfinancial",5028,"private_lf_inv","FAAt604","API"
1930,4,"Nonfinancial",4884,"private_lf_inv","FAAt604","API"
1931,4,"Nonfinancial",4573,"private_lf_inv","FAAt604","API"
1932,4,"Nonfinancial",4085,"private_lf_inv","FAAt604","API"
1933,4,"Nonfinancial",3869,"private_lf_inv","FAAt604","API"
1934,4,"Nonfinancial",3956,"private_lf_inv","FAAt604","API"
1935,4,"Nonfinancial",4032,"private_lf_inv","FAAt604","API"
1936,4,"Nonfinancial",4090,"private_lf_inv","FAAt604","API"
1937,4,"Nonfinancial",4570,"private_lf_inv","FAAt604","API"
1938,4,"Nonfinancial",4640,"private_lf_inv","FAAt604","API"
1939,4,"Nonfinancial",4646,"private_lf_inv","FAAt604","API"
1940,4,"Nonfinancial",4857,"private_lf_inv","FAAt604","API"
1941,4,"Nonfinancial",5376,"private_lf_inv","FAAt604","API"
1942,4,"Nonfinancial",6140,"private_lf_inv","FAAt604","API"
1943,4,"Nonfinancial",6319,"private_lf_inv","FAAt604","API"
1944,4,"Nonfinancial",6510,"private_lf_inv","FAAt604","API"
1945,4,"Nonfinancial",6752,"private_lf_inv","FAAt604","API"
1946,4,"Nonfinancial",7772,"private_lf_inv","FAAt604","API"
1947,4,"Nonfinancial",9501,"private_lf_inv","FAAt604","API"
1948,4,"Nonfinancial",11142,"private_lf_inv","FAAt604","API"
1949,4,"Nonfinancial",12034,"private_lf_inv","FAAt604","API"
1950,4,"Nonfinancial",12877,"private_lf_inv","FAAt604","API"
1951,4,"Nonfinancial",14667,"private_lf_inv","FAAt604","API"
1952,4,"Nonfinancial",15615,"private_lf_inv","FAAt604","API"
1953,4,"Nonfinancial",16758,"private_lf_inv","FAAt604","API"
1954,4,"Nonfinancial",17757,"private_lf_inv","FAAt604","API"
1955,4,"Nonfinancial",18949,"private_lf_inv","FAAt604","API"
1956,4,"Nonfinancial",21397,"private_lf_inv","FAAt604","API"
1957,4,"Nonfinancial",23801,"private_lf_inv","FAAt604","API"
1958,4,"Nonfinancial",25539,"private_lf_inv","FAAt604","API"
1959,4,"Nonfinancial",26738,"private_lf_inv","FAAt604","API"
1960,4,"Nonfinancial",27612,"private_lf_inv","FAAt604","API"
1961,4,"Nonfinancial",28615,"private_lf_inv","FAAt604","API"
1962,4,"Nonfinancial",29883,"private_lf_inv","FAAt604","API"
1963,4,"Nonfinancial",31401,"private_lf_inv","FAAt604","API"
1964,4,"Nonfinancial",33320,"private_lf_inv","FAAt604","API"
1965,4,"Nonfinancial",35908,"private_lf_inv","FAAt604","API"
1966,4,"Nonfinancial",39484,"private_lf_inv","FAAt604","API"
1967,4,"Nonfinancial",43554,"private_lf_inv","FAAt604","API"
1968,4,"Nonfinancial",48212,"private_lf_inv","FAAt604","API"
1969,4,"Nonfinancial",53619,"private_lf_inv","FAAt604","API"
1970,4,"Nonfinancial",59426,"private_lf_inv","FAAt604","API"
1971,4,"Nonfinancial",64938,"private_lf_inv","FAAt604","API"
1972,4,"Nonfinancial",70441,"private_lf_inv","FAAt604","API"
1973,4,"Nonfinancial",78489,"private_lf_inv","FAAt604","API"
1974,4,"Nonfinancial",91754,"private_lf_inv","FAAt604","API"
1975,4,"Nonfinancial",108151,"private_lf_inv","FAAt604","API"
1976,4,"Nonfinancial",118737,"private_lf_inv","FAAt604","API"
1977,4,"Nonfinancial",133088,"private_lf_inv","FAAt604","API"
1978,4,"Nonfinancial",150757,"private_lf_inv","FAAt604","API"
1979,4,"Nonfinancial",173141,"private_lf_inv","FAAt604","API"
1980,4,"Nonfinancial",199657,"private_lf_inv","FAAt604","API"
1981,4,"Nonfinancial",229981,"private_lf_inv","FAAt604","API"
1982,4,"Nonfinancial",254904,"private_lf_inv","FAAt604","API"
1983,4,"Nonfinancial",265746,"private_lf_inv","FAAt604","API"
1984,4,"Nonfinancial",280183,"private_lf_inv","FAAt604","API"
1985,4,"Nonfinancial",300278,"private_lf_inv","FAAt604","API"
1986,4,"Nonfinancial",319257,"private_lf_inv","FAAt604","API"
1987,4,"Nonfinancial",336050,"private_lf_inv","FAAt604","API"
1988,4,"Nonfinancial",358870,"private_lf_inv","FAAt604","API"
1989,4,"Nonfinancial",380878,"private_lf_inv","FAAt604","API"
1990,4,"Nonfinancial",403382,"private_lf_inv","FAAt604","API"
1991,4,"Nonfinancial",424348,"private_lf_inv","FAAt604","API"
1992,4,"Nonfinancial",437049,"private_lf_inv","FAAt604","API"
1993,4,"Nonfinancial",456669,"private_lf_inv","FAAt604","API"
1994,4,"Nonfinancial",483214,"private_lf_inv","FAAt604","API"
1995,4,"Nonfinancial",521771,"private_lf_inv","FAAt604","API"
1996,4,"Nonfinancial",555201,"private_lf_inv","FAAt604","API"
1997,4,"Nonfinancial",595762,"private_lf_inv","FAAt604","API"
1998,4,"Nonfinancial",635463,"private_lf_inv","FAAt604","API"
1999,4,"Nonfinancial",680706,"private_lf_inv","FAAt604","API"
2000,4,"Nonfinancial",739337,"private_lf_inv","FAAt604","API"
2001,4,"Nonfinancial",783505,"private_lf_inv","FAAt604","API"
2002,4,"Nonfinancial",805024,"private_lf_inv","FAAt604","API"
2003,4,"Nonfinancial",818191,"private_lf_inv","FAAt604","API"
2004,4,"Nonfinancial",851954,"private_lf_inv","FAAt604","API"
2005,4,"Nonfinancial",913610,"private_lf_inv","FAAt604","API"
2006,4,"Nonfinancial",984445,"private_lf_inv","FAAt604","API"
2007,4,"Nonfinancial",1047219,"private_lf_inv","FAAt604","API"
2008,4,"Nonfinancial",1108750,"private_lf_inv","FAAt604","API"
2009,4,"Nonfinancial",1114626,"private_lf_inv","FAAt604","API"
2010,4,"Nonfinancial",1123495,"private_lf_inv","FAAt604","API"
2011,4,"Nonfinancial",1173463,"private_lf_inv","FAAt604","API"
2012,4,"Nonfinancial",1234809,"private_lf_inv","FAAt604","API"
2013,4,"Nonfinancial",1282795,"private_lf_inv","FAAt604","API"
2014,4,"Nonfinancial",1352680,"private_lf_inv","FAAt604","API"
2015,4,"Nonfinancial",1408263,"private_lf_inv","FAAt604","API"
2016,4,"Nonfinancial",1441019,"private_lf_inv","FAAt604","API"
2017,4,"Nonfinancial",1509413,"private_lf_inv","FAAt604","API"
2018,4,"Nonfinancial",1582147,"private_lf_inv","FAAt604","API"
2019,4,"Nonfinancial",1664696,"private_lf_inv","FAAt604","API"
2020,4,"Nonfinancial",1728115,"private_lf_inv","FAAt604","API"
2021,4,"Nonfinancial",1815454,"private_lf_inv","FAAt604","API"
2022,4,"Nonfinancial",2010486,"private_lf_inv","FAAt604","API"
2023,4,"Nonfinancial",2154291,"private_lf_inv","FAAt604","API"
2024,4,"Nonfinancial",2274356,"private_lf_inv","FAAt604","API"
1925,5,"Noncorporate",3299,"private_lf_inv","FAAt604","API"
1926,5,"Noncorporate",3608,"private_lf_inv","FAAt604","API"
1927,5,"Noncorporate",3786,"private_lf_inv","FAAt604","API"
1928,5,"Noncorporate",3951,"private_lf_inv","FAAt604","API"
1929,5,"Noncorporate",4170,"private_lf_inv","FAAt604","API"
1930,5,"Noncorporate",4128,"private_lf_inv","FAAt604","API"
1931,5,"Noncorporate",3787,"private_lf_inv","FAAt604","API"
1932,5,"Noncorporate",3215,"private_lf_inv","FAAt604","API"
1933,5,"Noncorporate",3024,"private_lf_inv","FAAt604","API"
1934,5,"Noncorporate",3174,"private_lf_inv","FAAt604","API"
1935,5,"Noncorporate",3131,"private_lf_inv","FAAt604","API"
1936,5,"Noncorporate",3251,"private_lf_inv","FAAt604","API"
1937,5,"Noncorporate",3617,"private_lf_inv","FAAt604","API"
1938,5,"Noncorporate",3751,"private_lf_inv","FAAt604","API"
1939,5,"Noncorporate",3759,"private_lf_inv","FAAt604","API"
1940,5,"Noncorporate",3926,"private_lf_inv","FAAt604","API"
1941,5,"Noncorporate",4356,"private_lf_inv","FAAt604","API"
1942,5,"Noncorporate",4845,"private_lf_inv","FAAt604","API"
1943,5,"Noncorporate",4975,"private_lf_inv","FAAt604","API"
1944,5,"Noncorporate",5278,"private_lf_inv","FAAt604","API"
1945,5,"Noncorporate",5525,"private_lf_inv","FAAt604","API"
1946,5,"Noncorporate",6232,"private_lf_inv","FAAt604","API"
1947,5,"Noncorporate",7920,"private_lf_inv","FAAt604","API"
1948,5,"Noncorporate",9315,"private_lf_inv","FAAt604","API"
1949,5,"Noncorporate",10159,"private_lf_inv","FAAt604","API"
1950,5,"Noncorporate",11027,"private_lf_inv","FAAt604","API"
1951,5,"Noncorporate",12589,"private_lf_inv","FAAt604","API"
1952,5,"Noncorporate",13404,"private_lf_inv","FAAt604","API"
1953,5,"Noncorporate",14024,"private_lf_inv","FAAt604","API"
1954,5,"Noncorporate",14597,"private_lf_inv","FAAt604","API"
1955,5,"Noncorporate",15411,"private_lf_inv","FAAt604","API"
1956,5,"Noncorporate",16696,"private_lf_inv","FAAt604","API"
1957,5,"Noncorporate",17667,"private_lf_inv","FAAt604","API"
1958,5,"Noncorporate",18486,"private_lf_inv","FAAt604","API"
1959,5,"Noncorporate",19167,"private_lf_inv","FAAt604","API"
1960,5,"Noncorporate",19688,"private_lf_inv","FAAt604","API"
1961,5,"Noncorporate",20224,"private_lf_inv","FAAt604","API"
1962,5,"Noncorporate",20919,"private_lf_inv","FAAt604","API"
1963,5,"Noncorporate",21703,"private_lf_inv","FAAt604","API"
1964,5,"Noncorporate",22819,"private_lf_inv","FAAt604","API"
1965,5,"Noncorporate",24380,"private_lf_inv","FAAt604","API"
1966,5,"Noncorporate",26261,"private_lf_inv","FAAt604","API"
1967,5,"Noncorporate",28175,"private_lf_inv","FAAt604","API"
1968,5,"Noncorporate",30549,"private_lf_inv","FAAt604","API"
1969,5,"Noncorporate",33660,"private_lf_inv","FAAt604","API"
1970,5,"Noncorporate",36373,"private_lf_inv","FAAt604","API"
1971,5,"Noncorporate",39915,"private_lf_inv","FAAt604","API"
1972,5,"Noncorporate",43926,"private_lf_inv","FAAt604","API"
1973,5,"Noncorporate",49350,"private_lf_inv","FAAt604","API"
1974,5,"Noncorporate",56918,"private_lf_inv","FAAt604","API"
1975,5,"Noncorporate",65027,"private_lf_inv","FAAt604","API"
1976,5,"Noncorporate",71194,"private_lf_inv","FAAt604","API"
1977,5,"Noncorporate",80321,"private_lf_inv","FAAt604","API"
1978,5,"Noncorporate",92412,"private_lf_inv","FAAt604","API"
1979,5,"Noncorporate",106877,"private_lf_inv","FAAt604","API"
1980,5,"Noncorporate",122316,"private_lf_inv","FAAt604","API"
1981,5,"Noncorporate",136414,"private_lf_inv","FAAt604","API"
1982,5,"Noncorporate",147166,"private_lf_inv","FAAt604","API"
1983,5,"Noncorporate",152154,"private_lf_inv","FAAt604","API"
1984,5,"Noncorporate",159557,"private_lf_inv","FAAt604","API"
1985,5,"Noncorporate",168721,"private_lf_inv","FAAt604","API"
1986,5,"Noncorporate",180842,"private_lf_inv","FAAt604","API"
1987,5,"Noncorporate",194002,"private_lf_inv","FAAt604","API"
1988,5,"Noncorporate",208057,"private_lf_inv","FAAt604","API"
1989,5,"Noncorporate",222470,"private_lf_inv","FAAt604","API"
1990,5,"Noncorporate",233709,"private_lf_inv","FAAt604","API"
1991,5,"Noncorporate",241828,"private_lf_inv","FAAt604","API"
1992,5,"Noncorporate",248537,"private_lf_inv","FAAt604","API"
1993,5,"Noncorporate",261022,"private_lf_inv","FAAt604","API"
1994,5,"Noncorporate",274921,"private_lf_inv","FAAt604","API"
1995,5,"Noncorporate",290298,"private_lf_inv","FAAt604","API"
1996,5,"Noncorporate",302782,"private_lf_inv","FAAt604","API"
1997,5,"Noncorporate",317695,"private_lf_inv","FAAt604","API"
1998,5,"Noncorporate",337178,"private_lf_inv","FAAt604","API"
1999,5,"Noncorporate",362578,"private_lf_inv","FAAt604","API"
2000,5,"Noncorporate",392906,"private_lf_inv","FAAt604","API"
2001,5,"Noncorporate",423122,"private_lf_inv","FAAt604","API"
2002,5,"Noncorporate",447237,"private_lf_inv","FAAt604","API"
2003,5,"Noncorporate",479425,"private_lf_inv","FAAt604","API"
2004,5,"Noncorporate",524111,"private_lf_inv","FAAt604","API"
2005,5,"Noncorporate",580564,"private_lf_inv","FAAt604","API"
2006,5,"Noncorporate",632543,"private_lf_inv","FAAt604","API"
2007,5,"Noncorporate",663500,"private_lf_inv","FAAt604","API"
2008,5,"Noncorporate",675207,"private_lf_inv","FAAt604","API"
2009,5,"Noncorporate",664851,"private_lf_inv","FAAt604","API"
2010,5,"Noncorporate",662525,"private_lf_inv","FAAt604","API"
2011,5,"Noncorporate",672677,"private_lf_inv","FAAt604","API"
2012,5,"Noncorporate",689901,"private_lf_inv","FAAt604","API"
2013,5,"Noncorporate",728898,"private_lf_inv","FAAt604","API"
2014,5,"Noncorporate",777039,"private_lf_inv","FAAt604","API"
2015,5,"Noncorporate",810643,"private_lf_inv","FAAt604","API"
2016,5,"Noncorporate",845674,"private_lf_inv","FAAt604","API"
2017,5,"Noncorporate",889753,"private_lf_inv","FAAt604","API"
2018,5,"Noncorporate",943735,"private_lf_inv","FAAt604","API"
2019,5,"Noncorporate",987873,"private_lf_inv","FAAt604","API"
2020,5,"Noncorporate",1037519,"private_lf_inv","FAAt604","API"
2021,5,"Noncorporate",1141587,"private_lf_inv","FAAt604","API"
2022,5,"Noncorporate",1290474,"private_lf_inv","FAAt604","API"
2023,5,"Noncorporate",1353024,"private_lf_inv","FAAt604","API"
2024,5,"Noncorporate",1409589,"private_lf_inv","FAAt604","API"
1925,6,"Sole proprietorships",1322,"private_lf_inv","FAAt604","API"
1926,6,"Sole proprietorships",1479,"private_lf_inv","FAAt604","API"
1927,6,"Sole proprietorships",1567,"private_lf_inv","FAAt604","API"
1928,6,"Sole proprietorships",1644,"private_lf_inv","FAAt604","API"
1929,6,"Sole proprietorships",1723,"private_lf_inv","FAAt604","API"
1930,6,"Sole proprietorships",1705,"private_lf_inv","FAAt604","API"
1931,6,"Sole proprietorships",1569,"private_lf_inv","FAAt604","API"
1932,6,"Sole proprietorships",1360,"private_lf_inv","FAAt604","API"
1933,6,"Sole proprietorships",1246,"private_lf_inv","FAAt604","API"
1934,6,"Sole proprietorships",1253,"private_lf_inv","FAAt604","API"
1935,6,"Sole proprietorships",1218,"private_lf_inv","FAAt604","API"
1936,6,"Sole proprietorships",1244,"private_lf_inv","FAAt604","API"
1937,6,"Sole proprietorships",1370,"private_lf_inv","FAAt604","API"
1938,6,"Sole proprietorships",1419,"private_lf_inv","FAAt604","API"
1939,6,"Sole proprietorships",1401,"private_lf_inv","FAAt604","API"
1940,6,"Sole proprietorships",1448,"private_lf_inv","FAAt604","API"
1941,6,"Sole proprietorships",1601,"private_lf_inv","FAAt604","API"
1942,6,"Sole proprietorships",1814,"private_lf_inv","FAAt604","API"
1943,6,"Sole proprietorships",1794,"private_lf_inv","FAAt604","API"
1944,6,"Sole proprietorships",1877,"private_lf_inv","FAAt604","API"
1945,6,"Sole proprietorships",1930,"private_lf_inv","FAAt604","API"
1946,6,"Sole proprietorships",2163,"private_lf_inv","FAAt604","API"
1947,6,"Sole proprietorships",2737,"private_lf_inv","FAAt604","API"
1948,6,"Sole proprietorships",3319,"private_lf_inv","FAAt604","API"
1949,6,"Sole proprietorships",3724,"private_lf_inv","FAAt604","API"
1950,6,"Sole proprietorships",4074,"private_lf_inv","FAAt604","API"
1951,6,"Sole proprietorships",4653,"private_lf_inv","FAAt604","API"
1952,6,"Sole proprietorships",4920,"private_lf_inv","FAAt604","API"
1953,6,"Sole proprietorships",5095,"private_lf_inv","FAAt604","API"
1954,6,"Sole proprietorships",5235,"private_lf_inv","FAAt604","API"
1955,6,"Sole proprietorships",5412,"private_lf_inv","FAAt604","API"
1956,6,"Sole proprietorships",5804,"private_lf_inv","FAAt604","API"
1957,6,"Sole proprietorships",6124,"private_lf_inv","FAAt604","API"
1958,6,"Sole proprietorships",6451,"private_lf_inv","FAAt604","API"
1959,6,"Sole proprietorships",6602,"private_lf_inv","FAAt604","API"
1960,6,"Sole proprietorships",6564,"private_lf_inv","FAAt604","API"
1961,6,"Sole proprietorships",6592,"private_lf_inv","FAAt604","API"
1962,6,"Sole proprietorships",6690,"private_lf_inv","FAAt604","API"
1963,6,"Sole proprietorships",6847,"private_lf_inv","FAAt604","API"
1964,6,"Sole proprietorships",7089,"private_lf_inv","FAAt604","API"
1965,6,"Sole proprietorships",7472,"private_lf_inv","FAAt604","API"
1966,6,"Sole proprietorships",7961,"private_lf_inv","FAAt604","API"
1967,6,"Sole proprietorships",8471,"private_lf_inv","FAAt604","API"
1968,6,"Sole proprietorships",9104,"private_lf_inv","FAAt604","API"
1969,6,"Sole proprietorships",9958,"private_lf_inv","FAAt604","API"
1970,6,"Sole proprietorships",10828,"private_lf_inv","FAAt604","API"
1971,6,"Sole proprietorships",11871,"private_lf_inv","FAAt604","API"
1972,6,"Sole proprietorships",12998,"private_lf_inv","FAAt604","API"
1973,6,"Sole proprietorships",14451,"private_lf_inv","FAAt604","API"
1974,6,"Sole proprietorships",16782,"private_lf_inv","FAAt604","API"
1975,6,"Sole proprietorships",19352,"private_lf_inv","FAAt604","API"
1976,6,"Sole proprietorships",21004,"private_lf_inv","FAAt604","API"
1977,6,"Sole proprietorships",23275,"private_lf_inv","FAAt604","API"
1978,6,"Sole proprietorships",26248,"private_lf_inv","FAAt604","API"
1979,6,"Sole proprietorships",30107,"private_lf_inv","FAAt604","API"
1980,6,"Sole proprietorships",34406,"private_lf_inv","FAAt604","API"
1981,6,"Sole proprietorships",38701,"private_lf_inv","FAAt604","API"
1982,6,"Sole proprietorships",42157,"private_lf_inv","FAAt604","API"
1983,6,"Sole proprietorships",43118,"private_lf_inv","FAAt604","API"
1984,6,"Sole proprietorships",44326,"private_lf_inv","FAAt604","API"
1985,6,"Sole proprietorships",46071,"private_lf_inv","FAAt604","API"
1986,6,"Sole proprietorships",48302,"private_lf_inv","FAAt604","API"
1987,6,"Sole proprietorships",50494,"private_lf_inv","FAAt604","API"
1988,6,"Sole proprietorships",53124,"private_lf_inv","FAAt604","API"
1989,6,"Sole proprietorships",55652,"private_lf_inv","FAAt604","API"
1990,6,"Sole proprietorships",57295,"private_lf_inv","FAAt604","API"
1991,6,"Sole proprietorships",58281,"private_lf_inv","FAAt604","API"
1992,6,"Sole proprietorships",58630,"private_lf_inv","FAAt604","API"
1993,6,"Sole proprietorships",59981,"private_lf_inv","FAAt604","API"
1994,6,"Sole proprietorships",62132,"private_lf_inv","FAAt604","API"
1995,6,"Sole proprietorships",65072,"private_lf_inv","FAAt604","API"
1996,6,"Sole proprietorships",67415,"private_lf_inv","FAAt604","API"
1997,6,"Sole proprietorships",70066,"private_lf_inv","FAAt604","API"
1998,6,"Sole proprietorships",73339,"private_lf_inv","FAAt604","API"
1999,6,"Sole proprietorships",76683,"private_lf_inv","FAAt604","API"
2000,6,"Sole proprietorships",80222,"private_lf_inv","FAAt604","API"
2001,6,"Sole proprietorships",82866,"private_lf_inv","FAAt604","API"
2002,6,"Sole proprietorships",84385,"private_lf_inv","FAAt604","API"
2003,6,"Sole proprietorships",86383,"private_lf_inv","FAAt604","API"
2004,6,"Sole proprietorships",90297,"private_lf_inv","FAAt604","API"
2005,6,"Sole proprietorships",96569,"private_lf_inv","FAAt604","API"
2006,6,"Sole proprietorships",102558,"private_lf_inv","FAAt604","API"
2007,6,"Sole proprietorships",105935,"private_lf_inv","FAAt604","API"
2008,6,"Sole proprietorships",107628,"private_lf_inv","FAAt604","API"
2009,6,"Sole proprietorships",105274,"private_lf_inv","FAAt604","API"
2010,6,"Sole proprietorships",102763,"private_lf_inv","FAAt604","API"
2011,6,"Sole proprietorships",102225,"private_lf_inv","FAAt604","API"
2012,6,"Sole proprietorships",103203,"private_lf_inv","FAAt604","API"
2013,6,"Sole proprietorships",105132,"private_lf_inv","FAAt604","API"
2014,6,"Sole proprietorships",108924,"private_lf_inv","FAAt604","API"
2015,6,"Sole proprietorships",113235,"private_lf_inv","FAAt604","API"
2016,6,"Sole proprietorships",115941,"private_lf_inv","FAAt604","API"
2017,6,"Sole proprietorships",120275,"private_lf_inv","FAAt604","API"
2018,6,"Sole proprietorships",127161,"private_lf_inv","FAAt604","API"
2019,6,"Sole proprietorships",132384,"private_lf_inv","FAAt604","API"
2020,6,"Sole proprietorships",137516,"private_lf_inv","FAAt604","API"
2021,6,"Sole proprietorships",148108,"private_lf_inv","FAAt604","API"
2022,6,"Sole proprietorships",166476,"private_lf_inv","FAAt604","API"
2023,6,"Sole proprietorships",175127,"private_lf_inv","FAAt604","API"
2024,6,"Sole proprietorships",182151,"private_lf_inv","FAAt604","API"
1925,7,"Partnerships",546,"private_lf_inv","FAAt604","API"
1926,7,"Partnerships",606,"private_lf_inv","FAAt604","API"
1927,7,"Partnerships",640,"private_lf_inv","FAAt604","API"
1928,7,"Partnerships",669,"private_lf_inv","FAAt604","API"
1929,7,"Partnerships",697,"private_lf_inv","FAAt604","API"
1930,7,"Partnerships",691,"private_lf_inv","FAAt604","API"
1931,7,"Partnerships",641,"private_lf_inv","FAAt604","API"
1932,7,"Partnerships",567,"private_lf_inv","FAAt604","API"
1933,7,"Partnerships",520,"private_lf_inv","FAAt604","API"
1934,7,"Partnerships",525,"private_lf_inv","FAAt604","API"
1935,7,"Partnerships",518,"private_lf_inv","FAAt604","API"
1936,7,"Partnerships",530,"private_lf_inv","FAAt604","API"
1937,7,"Partnerships",591,"private_lf_inv","FAAt604","API"
1938,7,"Partnerships",614,"private_lf_inv","FAAt604","API"
1939,7,"Partnerships",612,"private_lf_inv","FAAt604","API"
1940,7,"Partnerships",640,"private_lf_inv","FAAt604","API"
1941,7,"Partnerships",711,"private_lf_inv","FAAt604","API"
1942,7,"Partnerships",810,"private_lf_inv","FAAt604","API"
1943,7,"Partnerships",804,"private_lf_inv","FAAt604","API"
1944,7,"Partnerships",835,"private_lf_inv","FAAt604","API"
1945,7,"Partnerships",861,"private_lf_inv","FAAt604","API"
1946,7,"Partnerships",987,"private_lf_inv","FAAt604","API"
1947,7,"Partnerships",1257,"private_lf_inv","FAAt604","API"
1948,7,"Partnerships",1512,"private_lf_inv","FAAt604","API"
1949,7,"Partnerships",1684,"private_lf_inv","FAAt604","API"
1950,7,"Partnerships",1837,"private_lf_inv","FAAt604","API"
1951,7,"Partnerships",2113,"private_lf_inv","FAAt604","API"
1952,7,"Partnerships",2223,"private_lf_inv","FAAt604","API"
1953,7,"Partnerships",2314,"private_lf_inv","FAAt604","API"
1954,7,"Partnerships",2400,"private_lf_inv","FAAt604","API"
1955,7,"Partnerships",2513,"private_lf_inv","FAAt604","API"
1956,7,"Partnerships",2738,"private_lf_inv","FAAt604","API"
1957,7,"Partnerships",2931,"private_lf_inv","FAAt604","API"
1958,7,"Partnerships",3076,"private_lf_inv","FAAt604","API"
1959,7,"Partnerships",3148,"private_lf_inv","FAAt604","API"
1960,7,"Partnerships",3171,"private_lf_inv","FAAt604","API"
1961,7,"Partnerships",3208,"private_lf_inv","FAAt604","API"
1962,7,"Partnerships",3280,"private_lf_inv","FAAt604","API"
1963,7,"Partnerships",3381,"private_lf_inv","FAAt604","API"
1964,7,"Partnerships",3534,"private_lf_inv","FAAt604","API"
1965,7,"Partnerships",3752,"private_lf_inv","FAAt604","API"
1966,7,"Partnerships",4040,"private_lf_inv","FAAt604","API"
1967,7,"Partnerships",4344,"private_lf_inv","FAAt604","API"
1968,7,"Partnerships",4666,"private_lf_inv","FAAt604","API"
1969,7,"Partnerships",5055,"private_lf_inv","FAAt604","API"
1970,7,"Partnerships",5492,"private_lf_inv","FAAt604","API"
1971,7,"Partnerships",5941,"private_lf_inv","FAAt604","API"
1972,7,"Partnerships",6340,"private_lf_inv","FAAt604","API"
1973,7,"Partnerships",6848,"private_lf_inv","FAAt604","API"
1974,7,"Partnerships",7738,"private_lf_inv","FAAt604","API"
1975,7,"Partnerships",8814,"private_lf_inv","FAAt604","API"
1976,7,"Partnerships",9420,"private_lf_inv","FAAt604","API"
1977,7,"Partnerships",10238,"private_lf_inv","FAAt604","API"
1978,7,"Partnerships",11400,"private_lf_inv","FAAt604","API"
1979,7,"Partnerships",13068,"private_lf_inv","FAAt604","API"
1980,7,"Partnerships",15104,"private_lf_inv","FAAt604","API"
1981,7,"Partnerships",17625,"private_lf_inv","FAAt604","API"
1982,7,"Partnerships",19897,"private_lf_inv","FAAt604","API"
1983,7,"Partnerships",20539,"private_lf_inv","FAAt604","API"
1984,7,"Partnerships",21406,"private_lf_inv","FAAt604","API"
1985,7,"Partnerships",22881,"private_lf_inv","FAAt604","API"
1986,7,"Partnerships",24494,"private_lf_inv","FAAt604","API"
1987,7,"Partnerships",26055,"private_lf_inv","FAAt604","API"
1988,7,"Partnerships",28571,"private_lf_inv","FAAt604","API"
1989,7,"Partnerships",31342,"private_lf_inv","FAAt604","API"
1990,7,"Partnerships",33439,"private_lf_inv","FAAt604","API"
1991,7,"Partnerships",34790,"private_lf_inv","FAAt604","API"
1992,7,"Partnerships",35313,"private_lf_inv","FAAt604","API"
1993,7,"Partnerships",36294,"private_lf_inv","FAAt604","API"
1994,7,"Partnerships",37770,"private_lf_inv","FAAt604","API"
1995,7,"Partnerships",39885,"private_lf_inv","FAAt604","API"
1996,7,"Partnerships",41542,"private_lf_inv","FAAt604","API"
1997,7,"Partnerships",43714,"private_lf_inv","FAAt604","API"
1998,7,"Partnerships",46724,"private_lf_inv","FAAt604","API"
1999,7,"Partnerships",51319,"private_lf_inv","FAAt604","API"
2000,7,"Partnerships",57567,"private_lf_inv","FAAt604","API"
2001,7,"Partnerships",63482,"private_lf_inv","FAAt604","API"
2002,7,"Partnerships",68487,"private_lf_inv","FAAt604","API"
2003,7,"Partnerships",73072,"private_lf_inv","FAAt604","API"
2004,7,"Partnerships",79166,"private_lf_inv","FAAt604","API"
2005,7,"Partnerships",87910,"private_lf_inv","FAAt604","API"
2006,7,"Partnerships",97621,"private_lf_inv","FAAt604","API"
2007,7,"Partnerships",107087,"private_lf_inv","FAAt604","API"
2008,7,"Partnerships",115890,"private_lf_inv","FAAt604","API"
2009,7,"Partnerships",118659,"private_lf_inv","FAAt604","API"
2010,7,"Partnerships",119892,"private_lf_inv","FAAt604","API"
2011,7,"Partnerships",124659,"private_lf_inv","FAAt604","API"
2012,7,"Partnerships",130311,"private_lf_inv","FAAt604","API"
2013,7,"Partnerships",137806,"private_lf_inv","FAAt604","API"
2014,7,"Partnerships",147193,"private_lf_inv","FAAt604","API"
2015,7,"Partnerships",153755,"private_lf_inv","FAAt604","API"
2016,7,"Partnerships",157695,"private_lf_inv","FAAt604","API"
2017,7,"Partnerships",163509,"private_lf_inv","FAAt604","API"
2018,7,"Partnerships",169335,"private_lf_inv","FAAt604","API"
2019,7,"Partnerships",177960,"private_lf_inv","FAAt604","API"
2020,7,"Partnerships",185959,"private_lf_inv","FAAt604","API"
2021,7,"Partnerships",195871,"private_lf_inv","FAAt604","API"
2022,7,"Partnerships",221765,"private_lf_inv","FAAt604","API"
2023,7,"Partnerships",243302,"private_lf_inv","FAAt604","API"
2024,7,"Partnerships",260349,"private_lf_inv","FAAt604","API"
1925,8,"Nonprofit institutions",192,"private_lf_inv","FAAt604","API"
1926,8,"Nonprofit institutions",209,"private_lf_inv","FAAt604","API"
1927,8,"Nonprofit institutions",225,"private_lf_inv","FAAt604","API"
1928,8,"Nonprofit institutions",239,"private_lf_inv","FAAt604","API"
1929,8,"Nonprofit institutions",255,"private_lf_inv","FAAt604","API"
1930,8,"Nonprofit institutions",255,"private_lf_inv","FAAt604","API"
1931,8,"Nonprofit institutions",235,"private_lf_inv","FAAt604","API"
1932,8,"Nonprofit institutions",203,"private_lf_inv","FAAt604","API"
1933,8,"Nonprofit institutions",197,"private_lf_inv","FAAt604","API"
1934,8,"Nonprofit institutions",215,"private_lf_inv","FAAt604","API"
1935,8,"Nonprofit institutions",215,"private_lf_inv","FAAt604","API"
1936,8,"Nonprofit institutions",228,"private_lf_inv","FAAt604","API"
1937,8,"Nonprofit institutions",259,"private_lf_inv","FAAt604","API"
1938,8,"Nonprofit institutions",266,"private_lf_inv","FAAt604","API"
1939,8,"Nonprofit institutions",272,"private_lf_inv","FAAt604","API"
1940,8,"Nonprofit institutions",286,"private_lf_inv","FAAt604","API"
1941,8,"Nonprofit institutions",314,"private_lf_inv","FAAt604","API"
1942,8,"Nonprofit institutions",344,"private_lf_inv","FAAt604","API"
1943,8,"Nonprofit institutions",365,"private_lf_inv","FAAt604","API"
1944,8,"Nonprofit institutions",382,"private_lf_inv","FAAt604","API"
1945,8,"Nonprofit institutions",396,"private_lf_inv","FAAt604","API"
1946,8,"Nonprofit institutions",466,"private_lf_inv","FAAt604","API"
1947,8,"Nonprofit institutions",604,"private_lf_inv","FAAt604","API"
1948,8,"Nonprofit institutions",683,"private_lf_inv","FAAt604","API"
1949,8,"Nonprofit institutions",709,"private_lf_inv","FAAt604","API"
1950,8,"Nonprofit institutions",760,"private_lf_inv","FAAt604","API"
1951,8,"Nonprofit institutions",893,"private_lf_inv","FAAt604","API"
1952,8,"Nonprofit institutions",955,"private_lf_inv","FAAt604","API"
1953,8,"Nonprofit institutions",1011,"private_lf_inv","FAAt604","API"
1954,8,"Nonprofit institutions",1055,"private_lf_inv","FAAt604","API"
1955,8,"Nonprofit institutions",1134,"private_lf_inv","FAAt604","API"
1956,8,"Nonprofit institutions",1266,"private_lf_inv","FAAt604","API"
1957,8,"Nonprofit institutions",1385,"private_lf_inv","FAAt604","API"
1958,8,"Nonprofit institutions",1450,"private_lf_inv","FAAt604","API"
1959,8,"Nonprofit institutions",1541,"private_lf_inv","FAAt604","API"
1960,8,"Nonprofit institutions",1640,"private_lf_inv","FAAt604","API"
1961,8,"Nonprofit institutions",1738,"private_lf_inv","FAAt604","API"
1962,8,"Nonprofit institutions",1869,"private_lf_inv","FAAt604","API"
1963,8,"Nonprofit institutions",2014,"private_lf_inv","FAAt604","API"
1964,8,"Nonprofit institutions",2181,"private_lf_inv","FAAt604","API"
1965,8,"Nonprofit institutions",2388,"private_lf_inv","FAAt604","API"
1966,8,"Nonprofit institutions",2635,"private_lf_inv","FAAt604","API"
1967,8,"Nonprofit institutions",2884,"private_lf_inv","FAAt604","API"
1968,8,"Nonprofit institutions",3176,"private_lf_inv","FAAt604","API"
1969,8,"Nonprofit institutions",3549,"private_lf_inv","FAAt604","API"
1970,8,"Nonprofit institutions",3930,"private_lf_inv","FAAt604","API"
1971,8,"Nonprofit institutions",4376,"private_lf_inv","FAAt604","API"
1972,8,"Nonprofit institutions",4913,"private_lf_inv","FAAt604","API"
1973,8,"Nonprofit institutions",5612,"private_lf_inv","FAAt604","API"
1974,8,"Nonprofit institutions",6620,"private_lf_inv","FAAt604","API"
1975,8,"Nonprofit institutions",7719,"private_lf_inv","FAAt604","API"
1976,8,"Nonprofit institutions",8454,"private_lf_inv","FAAt604","API"
1977,8,"Nonprofit institutions",9345,"private_lf_inv","FAAt604","API"
1978,8,"Nonprofit institutions",10537,"private_lf_inv","FAAt604","API"
1979,8,"Nonprofit institutions",11956,"private_lf_inv","FAAt604","API"
1980,8,"Nonprofit institutions",13649,"private_lf_inv","FAAt604","API"
1981,8,"Nonprofit institutions",15269,"private_lf_inv","FAAt604","API"
1982,8,"Nonprofit institutions",16638,"private_lf_inv","FAAt604","API"
1983,8,"Nonprofit institutions",17650,"private_lf_inv","FAAt604","API"
1984,8,"Nonprofit institutions",18796,"private_lf_inv","FAAt604","API"
1985,8,"Nonprofit institutions",19879,"private_lf_inv","FAAt604","API"
1986,8,"Nonprofit institutions",21179,"private_lf_inv","FAAt604","API"
1987,8,"Nonprofit institutions",22776,"private_lf_inv","FAAt604","API"
1988,8,"Nonprofit institutions",24627,"private_lf_inv","FAAt604","API"
1989,8,"Nonprofit institutions",26762,"private_lf_inv","FAAt604","API"
1990,8,"Nonprofit institutions",29009,"private_lf_inv","FAAt604","API"
1991,8,"Nonprofit institutions",31093,"private_lf_inv","FAAt604","API"
1992,8,"Nonprofit institutions",32990,"private_lf_inv","FAAt604","API"
1993,8,"Nonprofit institutions",34920,"private_lf_inv","FAAt604","API"
1994,8,"Nonprofit institutions",36459,"private_lf_inv","FAAt604","API"
1995,8,"Nonprofit institutions",38242,"private_lf_inv","FAAt604","API"
1996,8,"Nonprofit institutions",39351,"private_lf_inv","FAAt604","API"
1997,8,"Nonprofit institutions",41235,"private_lf_inv","FAAt604","API"
1998,8,"Nonprofit institutions",44202,"private_lf_inv","FAAt604","API"
1999,8,"Nonprofit institutions",48078,"private_lf_inv","FAAt604","API"
2000,8,"Nonprofit institutions",52613,"private_lf_inv","FAAt604","API"
2001,8,"Nonprofit institutions",56719,"private_lf_inv","FAAt604","API"
2002,8,"Nonprofit institutions",60627,"private_lf_inv","FAAt604","API"
2003,8,"Nonprofit institutions",65044,"private_lf_inv","FAAt604","API"
2004,8,"Nonprofit institutions",70263,"private_lf_inv","FAAt604","API"
2005,8,"Nonprofit institutions",76517,"private_lf_inv","FAAt604","API"
2006,8,"Nonprofit institutions",82656,"private_lf_inv","FAAt604","API"
2007,8,"Nonprofit institutions",88988,"private_lf_inv","FAAt604","API"
2008,8,"Nonprofit institutions",95964,"private_lf_inv","FAAt604","API"
2009,8,"Nonprofit institutions",101546,"private_lf_inv","FAAt604","API"
2010,8,"Nonprofit institutions",105770,"private_lf_inv","FAAt604","API"
2011,8,"Nonprofit institutions",112829,"private_lf_inv","FAAt604","API"
2012,8,"Nonprofit institutions",120750,"private_lf_inv","FAAt604","API"
2013,8,"Nonprofit institutions",129546,"private_lf_inv","FAAt604","API"
2014,8,"Nonprofit institutions",139017,"private_lf_inv","FAAt604","API"
2015,8,"Nonprofit institutions",147781,"private_lf_inv","FAAt604","API"
2016,8,"Nonprofit institutions",156311,"private_lf_inv","FAAt604","API"
2017,8,"Nonprofit institutions",164845,"private_lf_inv","FAAt604","API"
2018,8,"Nonprofit institutions",174295,"private_lf_inv","FAAt604","API"
2019,8,"Nonprofit institutions",185300,"private_lf_inv","FAAt604","API"
2020,8,"Nonprofit institutions",195560,"private_lf_inv","FAAt604","API"
2021,8,"Nonprofit institutions",207334,"private_lf_inv","FAAt604","API"
2022,8,"Nonprofit institutions",225688,"private_lf_inv","FAAt604","API"
2023,8,"Nonprofit institutions",238474,"private_lf_inv","FAAt604","API"
2024,8,"Nonprofit institutions",248776,"private_lf_inv","FAAt604","API"
1925,9,"Households",1238,"private_lf_inv","FAAt604","API"
1926,9,"Households",1314,"private_lf_inv","FAAt604","API"
1927,9,"Households",1354,"private_lf_inv","FAAt604","API"
1928,9,"Households",1400,"private_lf_inv","FAAt604","API"
1929,9,"Households",1494,"private_lf_inv","FAAt604","API"
1930,9,"Households",1477,"private_lf_inv","FAAt604","API"
1931,9,"Households",1341,"private_lf_inv","FAAt604","API"
1932,9,"Households",1084,"private_lf_inv","FAAt604","API"
1933,9,"Households",1060,"private_lf_inv","FAAt604","API"
1934,9,"Households",1180,"private_lf_inv","FAAt604","API"
1935,9,"Households",1174,"private_lf_inv","FAAt604","API"
1936,9,"Households",1234,"private_lf_inv","FAAt604","API"
1937,9,"Households",1371,"private_lf_inv","FAAt604","API"
1938,9,"Households",1418,"private_lf_inv","FAAt604","API"
1939,9,"Households",1435,"private_lf_inv","FAAt604","API"
1940,9,"Households",1507,"private_lf_inv","FAAt604","API"
1941,9,"Households",1673,"private_lf_inv","FAAt604","API"
1942,9,"Households",1807,"private_lf_inv","FAAt604","API"
1943,9,"Households",1946,"private_lf_inv","FAAt604","API"
1944,9,"Households",2114,"private_lf_inv","FAAt604","API"
1945,9,"Households",2267,"private_lf_inv","FAAt604","API"
1946,9,"Households",2533,"private_lf_inv","FAAt604","API"
1947,9,"Households",3212,"private_lf_inv","FAAt604","API"
1948,9,"Households",3665,"private_lf_inv","FAAt604","API"
1949,9,"Households",3887,"private_lf_inv","FAAt604","API"
1950,9,"Households",4188,"private_lf_inv","FAAt604","API"
1951,9,"Households",4734,"private_lf_inv","FAAt604","API"
1952,9,"Households",5100,"private_lf_inv","FAAt604","API"
1953,9,"Households",5385,"private_lf_inv","FAAt604","API"
1954,9,"Households",5676,"private_lf_inv","FAAt604","API"
1955,9,"Households",6114,"private_lf_inv","FAAt604","API"
1956,9,"Households",6624,"private_lf_inv","FAAt604","API"
1957,9,"Households",6947,"private_lf_inv","FAAt604","API"
1958,9,"Households",7212,"private_lf_inv","FAAt604","API"
1959,9,"Households",7580,"private_lf_inv","FAAt604","API"
1960,9,"Households",8023,"private_lf_inv","FAAt604","API"
1961,9,"Households",8391,"private_lf_inv","FAAt604","API"
1962,9,"Households",8778,"private_lf_inv","FAAt604","API"
1963,9,"Households",9150,"private_lf_inv","FAAt604","API"
1964,9,"Households",9698,"private_lf_inv","FAAt604","API"
1965,9,"Households",10442,"private_lf_inv","FAAt604","API"
1966,9,"Households",11287,"private_lf_inv","FAAt604","API"
1967,9,"Households",12120,"private_lf_inv","FAAt604","API"
1968,9,"Households",13223,"private_lf_inv","FAAt604","API"
1969,9,"Households",14696,"private_lf_inv","FAAt604","API"
1970,9,"Households",15692,"private_lf_inv","FAAt604","API"
1971,9,"Households",17259,"private_lf_inv","FAAt604","API"
1972,9,"Households",19180,"private_lf_inv","FAAt604","API"
1973,9,"Households",21905,"private_lf_inv","FAAt604","API"
1974,9,"Households",25166,"private_lf_inv","FAAt604","API"
1975,9,"Households",28411,"private_lf_inv","FAAt604","API"
1976,9,"Households",31491,"private_lf_inv","FAAt604","API"
1977,9,"Households",36524,"private_lf_inv","FAAt604","API"
1978,9,"Households",43186,"private_lf_inv","FAAt604","API"
1979,9,"Households",50582,"private_lf_inv","FAAt604","API"
1980,9,"Households",57826,"private_lf_inv","FAAt604","API"
1981,9,"Households",63357,"private_lf_inv","FAAt604","API"
1982,9,"Households",66934,"private_lf_inv","FAAt604","API"
1983,9,"Households",69304,"private_lf_inv","FAAt604","API"
1984,9,"Households",73508,"private_lf_inv","FAAt604","API"
1985,9,"Households",78292,"private_lf_inv","FAAt604","API"
1986,9,"Households",85145,"private_lf_inv","FAAt604","API"
1987,9,"Households",92890,"private_lf_inv","FAAt604","API"
1988,9,"Households",99884,"private_lf_inv","FAAt604","API"
1989,9,"Households",106800,"private_lf_inv","FAAt604","API"
1990,9,"Households",111968,"private_lf_inv","FAAt604","API"
1991,9,"Households",115598,"private_lf_inv","FAAt604","API"
1992,9,"Households",119486,"private_lf_inv","FAAt604","API"
1993,9,"Households",127620,"private_lf_inv","FAAt604","API"
1994,9,"Households",136255,"private_lf_inv","FAAt604","API"
1995,9,"Households",144688,"private_lf_inv","FAAt604","API"
1996,9,"Households",151994,"private_lf_inv","FAAt604","API"
1997,9,"Households",160124,"private_lf_inv","FAAt604","API"
1998,9,"Households",170292,"private_lf_inv","FAAt604","API"
1999,9,"Households",183788,"private_lf_inv","FAAt604","API"
2000,9,"Households",199599,"private_lf_inv","FAAt604","API"
2001,9,"Households",216952,"private_lf_inv","FAAt604","API"
2002,9,"Households",230494,"private_lf_inv","FAAt604","API"
2003,9,"Households",251598,"private_lf_inv","FAAt604","API"
2004,9,"Households",280915,"private_lf_inv","FAAt604","API"
2005,9,"Households",315899,"private_lf_inv","FAAt604","API"
2006,9,"Households",345756,"private_lf_inv","FAAt604","API"
2007,9,"Households",357181,"private_lf_inv","FAAt604","API"
2008,9,"Households",350969,"private_lf_inv","FAAt604","API"
2009,9,"Households",334323,"private_lf_inv","FAAt604","API"
2010,9,"Households",328714,"private_lf_inv","FAAt604","API"
2011,9,"Households",327136,"private_lf_inv","FAAt604","API"
2012,9,"Households",329371,"private_lf_inv","FAAt604","API"
2013,9,"Households",349595,"private_lf_inv","FAAt604","API"
2014,9,"Households",374348,"private_lf_inv","FAAt604","API"
2015,9,"Households",387652,"private_lf_inv","FAAt604","API"
2016,9,"Households",407069,"private_lf_inv","FAAt604","API"
2017,9,"Households",432084,"private_lf_inv","FAAt604","API"
2018,9,"Households",463773,"private_lf_inv","FAAt604","API"
2019,9,"Households",482629,"private_lf_inv","FAAt604","API"
2020,9,"Households",508462,"private_lf_inv","FAAt604","API"
2021,9,"Households",579228,"private_lf_inv","FAAt604","API"
2022,9,"Households",664142,"private_lf_inv","FAAt604","API"
2023,9,"Households",683535,"private_lf_inv","FAAt604","API"
2024,9,"Households",705556,"private_lf_inv","FAAt604","API"
1925,10,"Tax-exempt cooperatives",0,"private_lf_inv","FAAt604","API"
1926,10,"Tax-exempt cooperatives",0,"private_lf_inv","FAAt604","API"
1927,10,"Tax-exempt cooperatives",0,"private_lf_inv","FAAt604","API"
1928,10,"Tax-exempt cooperatives",0,"private_lf_inv","FAAt604","API"
1929,10,"Tax-exempt cooperatives",0,"private_lf_inv","FAAt604","API"
1930,10,"Tax-exempt cooperatives",0,"private_lf_inv","FAAt604","API"
1931,10,"Tax-exempt cooperatives",0,"private_lf_inv","FAAt604","API"
1932,10,"Tax-exempt cooperatives",0,"private_lf_inv","FAAt604","API"
1933,10,"Tax-exempt cooperatives",0,"private_lf_inv","FAAt604","API"
1934,10,"Tax-exempt cooperatives",0,"private_lf_inv","FAAt604","API"
1935,10,"Tax-exempt cooperatives",5,"private_lf_inv","FAAt604","API"
1936,10,"Tax-exempt cooperatives",15,"private_lf_inv","FAAt604","API"
1937,10,"Tax-exempt cooperatives",26,"private_lf_inv","FAAt604","API"
1938,10,"Tax-exempt cooperatives",33,"private_lf_inv","FAAt604","API"
1939,10,"Tax-exempt cooperatives",39,"private_lf_inv","FAAt604","API"
1940,10,"Tax-exempt cooperatives",46,"private_lf_inv","FAAt604","API"
1941,10,"Tax-exempt cooperatives",57,"private_lf_inv","FAAt604","API"
1942,10,"Tax-exempt cooperatives",70,"private_lf_inv","FAAt604","API"
1943,10,"Tax-exempt cooperatives",66,"private_lf_inv","FAAt604","API"
1944,10,"Tax-exempt cooperatives",70,"private_lf_inv","FAAt604","API"
1945,10,"Tax-exempt cooperatives",71,"private_lf_inv","FAAt604","API"
1946,10,"Tax-exempt cooperatives",83,"private_lf_inv","FAAt604","API"
1947,10,"Tax-exempt cooperatives",109,"private_lf_inv","FAAt604","API"
1948,10,"Tax-exempt cooperatives",135,"private_lf_inv","FAAt604","API"
1949,10,"Tax-exempt cooperatives",155,"private_lf_inv","FAAt604","API"
1950,10,"Tax-exempt cooperatives",169,"private_lf_inv","FAAt604","API"
1951,10,"Tax-exempt cooperatives",195,"private_lf_inv","FAAt604","API"
1952,10,"Tax-exempt cooperatives",207,"private_lf_inv","FAAt604","API"
1953,10,"Tax-exempt cooperatives",219,"private_lf_inv","FAAt604","API"
1954,10,"Tax-exempt cooperatives",230,"private_lf_inv","FAAt604","API"
1955,10,"Tax-exempt cooperatives",238,"private_lf_inv","FAAt604","API"
1956,10,"Tax-exempt cooperatives",262,"private_lf_inv","FAAt604","API"
1957,10,"Tax-exempt cooperatives",279,"private_lf_inv","FAAt604","API"
1958,10,"Tax-exempt cooperatives",297,"private_lf_inv","FAAt604","API"
1959,10,"Tax-exempt cooperatives",296,"private_lf_inv","FAAt604","API"
1960,10,"Tax-exempt cooperatives",289,"private_lf_inv","FAAt604","API"
1961,10,"Tax-exempt cooperatives",295,"private_lf_inv","FAAt604","API"
1962,10,"Tax-exempt cooperatives",302,"private_lf_inv","FAAt604","API"
1963,10,"Tax-exempt cooperatives",311,"private_lf_inv","FAAt604","API"
1964,10,"Tax-exempt cooperatives",318,"private_lf_inv","FAAt604","API"
1965,10,"Tax-exempt cooperatives",326,"private_lf_inv","FAAt604","API"
1966,10,"Tax-exempt cooperatives",337,"private_lf_inv","FAAt604","API"
1967,10,"Tax-exempt cooperatives",356,"private_lf_inv","FAAt604","API"
1968,10,"Tax-exempt cooperatives",380,"private_lf_inv","FAAt604","API"
1969,10,"Tax-exempt cooperatives",402,"private_lf_inv","FAAt604","API"
1970,10,"Tax-exempt cooperatives",431,"private_lf_inv","FAAt604","API"
1971,10,"Tax-exempt cooperatives",467,"private_lf_inv","FAAt604","API"
1972,10,"Tax-exempt cooperatives",495,"private_lf_inv","FAAt604","API"
1973,10,"Tax-exempt cooperatives",534,"private_lf_inv","FAAt604","API"
1974,10,"Tax-exempt cooperatives",612,"private_lf_inv","FAAt604","API"
1975,10,"Tax-exempt cooperatives",732,"private_lf_inv","FAAt604","API"
1976,10,"Tax-exempt cooperatives",825,"private_lf_inv","FAAt604","API"
1977,10,"Tax-exempt cooperatives",938,"private_lf_inv","FAAt604","API"
1978,10,"Tax-exempt cooperatives",1042,"private_lf_inv","FAAt604","API"
1979,10,"Tax-exempt cooperatives",1165,"private_lf_inv","FAAt604","API"
1980,10,"Tax-exempt cooperatives",1333,"private_lf_inv","FAAt604","API"
1981,10,"Tax-exempt cooperatives",1463,"private_lf_inv","FAAt604","API"
1982,10,"Tax-exempt cooperatives",1539,"private_lf_inv","FAAt604","API"
1983,10,"Tax-exempt cooperatives",1543,"private_lf_inv","FAAt604","API"
1984,10,"Tax-exempt cooperatives",1521,"private_lf_inv","FAAt604","API"
1985,10,"Tax-exempt cooperatives",1597,"private_lf_inv","FAAt604","API"
1986,10,"Tax-exempt cooperatives",1722,"private_lf_inv","FAAt604","API"
1987,10,"Tax-exempt cooperatives",1786,"private_lf_inv","FAAt604","API"
1988,10,"Tax-exempt cooperatives",1851,"private_lf_inv","FAAt604","API"
1989,10,"Tax-exempt cooperatives",1914,"private_lf_inv","FAAt604","API"
1990,10,"Tax-exempt cooperatives",1998,"private_lf_inv","FAAt604","API"
1991,10,"Tax-exempt cooperatives",2066,"private_lf_inv","FAAt604","API"
1992,10,"Tax-exempt cooperatives",2119,"private_lf_inv","FAAt604","API"
1993,10,"Tax-exempt cooperatives",2207,"private_lf_inv","FAAt604","API"
1994,10,"Tax-exempt cooperatives",2305,"private_lf_inv","FAAt604","API"
1995,10,"Tax-exempt cooperatives",2410,"private_lf_inv","FAAt604","API"
1996,10,"Tax-exempt cooperatives",2481,"private_lf_inv","FAAt604","API"
1997,10,"Tax-exempt cooperatives",2557,"private_lf_inv","FAAt604","API"
1998,10,"Tax-exempt cooperatives",2620,"private_lf_inv","FAAt604","API"
1999,10,"Tax-exempt cooperatives",2711,"private_lf_inv","FAAt604","API"
2000,10,"Tax-exempt cooperatives",2905,"private_lf_inv","FAAt604","API"
2001,10,"Tax-exempt cooperatives",3103,"private_lf_inv","FAAt604","API"
2002,10,"Tax-exempt cooperatives",3244,"private_lf_inv","FAAt604","API"
2003,10,"Tax-exempt cooperatives",3328,"private_lf_inv","FAAt604","API"
2004,10,"Tax-exempt cooperatives",3469,"private_lf_inv","FAAt604","API"
2005,10,"Tax-exempt cooperatives",3668,"private_lf_inv","FAAt604","API"
2006,10,"Tax-exempt cooperatives",3952,"private_lf_inv","FAAt604","API"
2007,10,"Tax-exempt cooperatives",4309,"private_lf_inv","FAAt604","API"
2008,10,"Tax-exempt cooperatives",4757,"private_lf_inv","FAAt604","API"
2009,10,"Tax-exempt cooperatives",5049,"private_lf_inv","FAAt604","API"
2010,10,"Tax-exempt cooperatives",5386,"private_lf_inv","FAAt604","API"
2011,10,"Tax-exempt cooperatives",5828,"private_lf_inv","FAAt604","API"
2012,10,"Tax-exempt cooperatives",6266,"private_lf_inv","FAAt604","API"
2013,10,"Tax-exempt cooperatives",6820,"private_lf_inv","FAAt604","API"
2014,10,"Tax-exempt cooperatives",7558,"private_lf_inv","FAAt604","API"
2015,10,"Tax-exempt cooperatives",8221,"private_lf_inv","FAAt604","API"
2016,10,"Tax-exempt cooperatives",8658,"private_lf_inv","FAAt604","API"
2017,10,"Tax-exempt cooperatives",9040,"private_lf_inv","FAAt604","API"
2018,10,"Tax-exempt cooperatives",9172,"private_lf_inv","FAAt604","API"
2019,10,"Tax-exempt cooperatives",9599,"private_lf_inv","FAAt604","API"
2020,10,"Tax-exempt cooperatives",10022,"private_lf_inv","FAAt604","API"
2021,10,"Tax-exempt cooperatives",11046,"private_lf_inv","FAAt604","API"
2022,10,"Tax-exempt cooperatives",12402,"private_lf_inv","FAAt604","API"
2023,10,"Tax-exempt cooperatives",12586,"private_lf_inv","FAAt604","API"
2024,10,"Tax-exempt cooperatives",12757,"private_lf_inv","FAAt604","API"
1925,11,"Farms",579,"private_lf_inv","FAAt604","API"
1926,11,"Farms",643,"private_lf_inv","FAAt604","API"
1927,11,"Farms",674,"private_lf_inv","FAAt604","API"
1928,11,"Farms",700,"private_lf_inv","FAAt604","API"
1929,11,"Farms",722,"private_lf_inv","FAAt604","API"
1930,11,"Farms",716,"private_lf_inv","FAAt604","API"
1931,11,"Farms",665,"private_lf_inv","FAAt604","API"
1932,11,"Farms",592,"private_lf_inv","FAAt604","API"
1933,11,"Farms",555,"private_lf_inv","FAAt604","API"
1934,11,"Farms",546,"private_lf_inv","FAAt604","API"
1935,11,"Farms",528,"private_lf_inv","FAAt604","API"
1936,11,"Farms",547,"private_lf_inv","FAAt604","API"
1937,11,"Farms",599,"private_lf_inv","FAAt604","API"
1938,11,"Farms",630,"private_lf_inv","FAAt604","API"
1939,11,"Farms",619,"private_lf_inv","FAAt604","API"
1940,11,"Farms",629,"private_lf_inv","FAAt604","API"
1941,11,"Farms",697,"private_lf_inv","FAAt604","API"
1942,11,"Farms",820,"private_lf_inv","FAAt604","API"
1943,11,"Farms",816,"private_lf_inv","FAAt604","API"
1944,11,"Farms",865,"private_lf_inv","FAAt604","API"
1945,11,"Farms",896,"private_lf_inv","FAAt604","API"
1946,11,"Farms",989,"private_lf_inv","FAAt604","API"
1947,11,"Farms",1220,"private_lf_inv","FAAt604","API"
1948,11,"Farms",1543,"private_lf_inv","FAAt604","API"
1949,11,"Farms",1812,"private_lf_inv","FAAt604","API"
1950,11,"Farms",2032,"private_lf_inv","FAAt604","API"
1951,11,"Farms",2331,"private_lf_inv","FAAt604","API"
1952,11,"Farms",2507,"private_lf_inv","FAAt604","API"
1953,11,"Farms",2602,"private_lf_inv","FAAt604","API"
1954,11,"Farms",2663,"private_lf_inv","FAAt604","API"
1955,11,"Farms",2700,"private_lf_inv","FAAt604","API"
1956,11,"Farms",2829,"private_lf_inv","FAAt604","API"
1957,11,"Farms",2925,"private_lf_inv","FAAt604","API"
1958,11,"Farms",3066,"private_lf_inv","FAAt604","API"
1959,11,"Farms",3139,"private_lf_inv","FAAt604","API"
1960,11,"Farms",3105,"private_lf_inv","FAAt604","API"
1961,11,"Farms",3112,"private_lf_inv","FAAt604","API"
1962,11,"Farms",3166,"private_lf_inv","FAAt604","API"
1963,11,"Farms",3260,"private_lf_inv","FAAt604","API"
1964,11,"Farms",3389,"private_lf_inv","FAAt604","API"
1965,11,"Farms",3606,"private_lf_inv","FAAt604","API"
1966,11,"Farms",3883,"private_lf_inv","FAAt604","API"
1967,11,"Farms",4191,"private_lf_inv","FAAt604","API"
1968,11,"Farms",4473,"private_lf_inv","FAAt604","API"
1969,11,"Farms",4766,"private_lf_inv","FAAt604","API"
1970,11,"Farms",5061,"private_lf_inv","FAAt604","API"
1971,11,"Farms",5438,"private_lf_inv","FAAt604","API"
1972,11,"Farms",5847,"private_lf_inv","FAAt604","API"
1973,11,"Farms",6353,"private_lf_inv","FAAt604","API"
1974,11,"Farms",7488,"private_lf_inv","FAAt604","API"
1975,11,"Farms",8949,"private_lf_inv","FAAt604","API"
1976,11,"Farms",9989,"private_lf_inv","FAAt604","API"
1977,11,"Farms",11194,"private_lf_inv","FAAt604","API"
1978,11,"Farms",12518,"private_lf_inv","FAAt604","API"
1979,11,"Farms",14278,"private_lf_inv","FAAt604","API"
1980,11,"Farms",16363,"private_lf_inv","FAAt604","API"
1981,11,"Farms",18015,"private_lf_inv","FAAt604","API"
1982,11,"Farms",19086,"private_lf_inv","FAAt604","API"
1983,11,"Farms",18944,"private_lf_inv","FAAt604","API"
1984,11,"Farms",18632,"private_lf_inv","FAAt604","API"
1985,11,"Farms",18157,"private_lf_inv","FAAt604","API"
1986,11,"Farms",17852,"private_lf_inv","FAAt604","API"
1987,11,"Farms",17435,"private_lf_inv","FAAt604","API"
1988,11,"Farms",17290,"private_lf_inv","FAAt604","API"
1989,11,"Farms",17588,"private_lf_inv","FAAt604","API"
1990,11,"Farms",17948,"private_lf_inv","FAAt604","API"
1991,11,"Farms",18253,"private_lf_inv","FAAt604","API"
1992,11,"Farms",18248,"private_lf_inv","FAAt604","API"
1993,11,"Farms",18277,"private_lf_inv","FAAt604","API"
1994,11,"Farms",18756,"private_lf_inv","FAAt604","API"
1995,11,"Farms",19555,"private_lf_inv","FAAt604","API"
1996,11,"Farms",20271,"private_lf_inv","FAAt604","API"
1997,11,"Farms",21089,"private_lf_inv","FAAt604","API"
1998,11,"Farms",22032,"private_lf_inv","FAAt604","API"
1999,11,"Farms",22612,"private_lf_inv","FAAt604","API"
2000,11,"Farms",22807,"private_lf_inv","FAAt604","API"
2001,11,"Farms",23149,"private_lf_inv","FAAt604","API"
2002,11,"Farms",23551,"private_lf_inv","FAAt604","API"
2003,11,"Farms",24293,"private_lf_inv","FAAt604","API"
2004,11,"Farms",25658,"private_lf_inv","FAAt604","API"
2005,11,"Farms",27484,"private_lf_inv","FAAt604","API"
2006,11,"Farms",28896,"private_lf_inv","FAAt604","API"
2007,11,"Farms",30077,"private_lf_inv","FAAt604","API"
2008,11,"Farms",31690,"private_lf_inv","FAAt604","API"
2009,11,"Farms",32623,"private_lf_inv","FAAt604","API"
2010,11,"Farms",33063,"private_lf_inv","FAAt604","API"
2011,11,"Farms",34701,"private_lf_inv","FAAt604","API"
2012,11,"Farms",37087,"private_lf_inv","FAAt604","API"
2013,11,"Farms",40342,"private_lf_inv","FAAt604","API"
2014,11,"Farms",44286,"private_lf_inv","FAAt604","API"
2015,11,"Farms",46489,"private_lf_inv","FAAt604","API"
2016,11,"Farms",46649,"private_lf_inv","FAAt604","API"
2017,11,"Farms",46598,"private_lf_inv","FAAt604","API"
2018,11,"Farms",46899,"private_lf_inv","FAAt604","API"
2019,11,"Farms",47526,"private_lf_inv","FAAt604","API"
2020,11,"Farms",48063,"private_lf_inv","FAAt604","API"
2021,11,"Farms",50542,"private_lf_inv","FAAt604","API"
2022,11,"Farms",56821,"private_lf_inv","FAAt604","API"
2023,11,"Farms",59745,"private_lf_inv","FAAt604","API"
2024,11,"Farms",60924,"private_lf_inv","FAAt604","API"
1925,12,"Manufacturing",1182,"private_lf_inv","FAAt604","API"
1926,12,"Manufacturing",1254,"private_lf_inv","FAAt604","API"
1927,12,"Manufacturing",1285,"private_lf_inv","FAAt604","API"
1928,12,"Manufacturing",1317,"private_lf_inv","FAAt604","API"
1929,12,"Manufacturing",1361,"private_lf_inv","FAAt604","API"
1930,12,"Manufacturing",1314,"private_lf_inv","FAAt604","API"
1931,12,"Manufacturing",1216,"private_lf_inv","FAAt604","API"
1932,12,"Manufacturing",1089,"private_lf_inv","FAAt604","API"
1933,12,"Manufacturing",1046,"private_lf_inv","FAAt604","API"
1934,12,"Manufacturing",1169,"private_lf_inv","FAAt604","API"
1935,12,"Manufacturing",1208,"private_lf_inv","FAAt604","API"
1936,12,"Manufacturing",1268,"private_lf_inv","FAAt604","API"
1937,12,"Manufacturing",1448,"private_lf_inv","FAAt604","API"
1938,12,"Manufacturing",1499,"private_lf_inv","FAAt604","API"
1939,12,"Manufacturing",1520,"private_lf_inv","FAAt604","API"
1940,12,"Manufacturing",1646,"private_lf_inv","FAAt604","API"
1941,12,"Manufacturing",1893,"private_lf_inv","FAAt604","API"
1942,12,"Manufacturing",2239,"private_lf_inv","FAAt604","API"
1943,12,"Manufacturing",2342,"private_lf_inv","FAAt604","API"
1944,12,"Manufacturing",2424,"private_lf_inv","FAAt604","API"
1945,12,"Manufacturing",2536,"private_lf_inv","FAAt604","API"
1946,12,"Manufacturing",2961,"private_lf_inv","FAAt604","API"
1947,12,"Manufacturing",3624,"private_lf_inv","FAAt604","API"
1948,12,"Manufacturing",4318,"private_lf_inv","FAAt604","API"
1949,12,"Manufacturing",4667,"private_lf_inv","FAAt604","API"
1950,12,"Manufacturing",4941,"private_lf_inv","FAAt604","API"
1951,12,"Manufacturing",5681,"private_lf_inv","FAAt604","API"
1952,12,"Manufacturing",6073,"private_lf_inv","FAAt604","API"
1953,12,"Manufacturing",6550,"private_lf_inv","FAAt604","API"
1954,12,"Manufacturing",6972,"private_lf_inv","FAAt604","API"
1955,12,"Manufacturing",7482,"private_lf_inv","FAAt604","API"
1956,12,"Manufacturing",8527,"private_lf_inv","FAAt604","API"
1957,12,"Manufacturing",9606,"private_lf_inv","FAAt604","API"
1958,12,"Manufacturing",10344,"private_lf_inv","FAAt604","API"
1959,12,"Manufacturing",10806,"private_lf_inv","FAAt604","API"
1960,12,"Manufacturing",11220,"private_lf_inv","FAAt604","API"
1961,12,"Manufacturing",11632,"private_lf_inv","FAAt604","API"
1962,12,"Manufacturing",12149,"private_lf_inv","FAAt604","API"
1963,12,"Manufacturing",12770,"private_lf_inv","FAAt604","API"
1964,12,"Manufacturing",13566,"private_lf_inv","FAAt604","API"
1965,12,"Manufacturing",14654,"private_lf_inv","FAAt604","API"
1966,12,"Manufacturing",16220,"private_lf_inv","FAAt604","API"
1967,12,"Manufacturing",18036,"private_lf_inv","FAAt604","API"
1968,12,"Manufacturing",19970,"private_lf_inv","FAAt604","API"
1969,12,"Manufacturing",22180,"private_lf_inv","FAAt604","API"
1970,12,"Manufacturing",24515,"private_lf_inv","FAAt604","API"
1971,12,"Manufacturing",26627,"private_lf_inv","FAAt604","API"
1972,12,"Manufacturing",28613,"private_lf_inv","FAAt604","API"
1973,12,"Manufacturing",31414,"private_lf_inv","FAAt604","API"
1974,12,"Manufacturing",36463,"private_lf_inv","FAAt604","API"
1975,12,"Manufacturing",43066,"private_lf_inv","FAAt604","API"
1976,12,"Manufacturing",47283,"private_lf_inv","FAAt604","API"
1977,12,"Manufacturing",52635,"private_lf_inv","FAAt604","API"
1978,12,"Manufacturing",58818,"private_lf_inv","FAAt604","API"
1979,12,"Manufacturing",66860,"private_lf_inv","FAAt604","API"
1980,12,"Manufacturing",77280,"private_lf_inv","FAAt604","API"
1981,12,"Manufacturing",87839,"private_lf_inv","FAAt604","API"
1982,12,"Manufacturing",96285,"private_lf_inv","FAAt604","API"
1983,12,"Manufacturing",100947,"private_lf_inv","FAAt604","API"
1984,12,"Manufacturing",105952,"private_lf_inv","FAAt604","API"
1985,12,"Manufacturing",113132,"private_lf_inv","FAAt604","API"
1986,12,"Manufacturing",120837,"private_lf_inv","FAAt604","API"
1987,12,"Manufacturing",128154,"private_lf_inv","FAAt604","API"
1988,12,"Manufacturing",136350,"private_lf_inv","FAAt604","API"
1989,12,"Manufacturing",143732,"private_lf_inv","FAAt604","API"
1990,12,"Manufacturing",152433,"private_lf_inv","FAAt604","API"
1991,12,"Manufacturing",160877,"private_lf_inv","FAAt604","API"
1992,12,"Manufacturing",167172,"private_lf_inv","FAAt604","API"
1993,12,"Manufacturing",173196,"private_lf_inv","FAAt604","API"
1994,12,"Manufacturing",180959,"private_lf_inv","FAAt604","API"
1995,12,"Manufacturing",194884,"private_lf_inv","FAAt604","API"
1996,12,"Manufacturing",206963,"private_lf_inv","FAAt604","API"
1997,12,"Manufacturing",221502,"private_lf_inv","FAAt604","API"
1998,12,"Manufacturing",235137,"private_lf_inv","FAAt604","API"
1999,12,"Manufacturing",249356,"private_lf_inv","FAAt604","API"
2000,12,"Manufacturing",264881,"private_lf_inv","FAAt604","API"
2001,12,"Manufacturing",274663,"private_lf_inv","FAAt604","API"
2002,12,"Manufacturing",277956,"private_lf_inv","FAAt604","API"
2003,12,"Manufacturing",279109,"private_lf_inv","FAAt604","API"
2004,12,"Manufacturing",284333,"private_lf_inv","FAAt604","API"
2005,12,"Manufacturing",295490,"private_lf_inv","FAAt604","API"
2006,12,"Manufacturing",308686,"private_lf_inv","FAAt604","API"
2007,12,"Manufacturing",326174,"private_lf_inv","FAAt604","API"
2008,12,"Manufacturing",347546,"private_lf_inv","FAAt604","API"
2009,12,"Manufacturing",353497,"private_lf_inv","FAAt604","API"
2010,12,"Manufacturing",356755,"private_lf_inv","FAAt604","API"
2011,12,"Manufacturing",369312,"private_lf_inv","FAAt604","API"
2012,12,"Manufacturing",383384,"private_lf_inv","FAAt604","API"
2013,12,"Manufacturing",395562,"private_lf_inv","FAAt604","API"
2014,12,"Manufacturing",411633,"private_lf_inv","FAAt604","API"
2015,12,"Manufacturing",425340,"private_lf_inv","FAAt604","API"
2016,12,"Manufacturing",433377,"private_lf_inv","FAAt604","API"
2017,12,"Manufacturing",453126,"private_lf_inv","FAAt604","API"
2018,12,"Manufacturing",475898,"private_lf_inv","FAAt604","API"
2019,12,"Manufacturing",494755,"private_lf_inv","FAAt604","API"
2020,12,"Manufacturing",516953,"private_lf_inv","FAAt604","API"
2021,12,"Manufacturing",543158,"private_lf_inv","FAAt604","API"
2022,12,"Manufacturing",585329,"private_lf_inv","FAAt604","API"
2023,12,"Manufacturing",614456,"private_lf_inv","FAAt604","API"
2024,12,"Manufacturing",640286,"private_lf_inv","FAAt604","API"
1925,13,"Nonfarm nonmanufacturing (nonresidential fixed assets only)",4663,"private_lf_inv","FAAt604","API"
1926,13,"Nonfarm nonmanufacturing (nonresidential fixed assets only)",4989,"private_lf_inv","FAAt604","API"
1927,13,"Nonfarm nonmanufacturing (nonresidential fixed assets only)",5166,"private_lf_inv","FAAt604","API"
1928,13,"Nonfarm nonmanufacturing (nonresidential fixed assets only)",5284,"private_lf_inv","FAAt604","API"
1929,13,"Nonfarm nonmanufacturing (nonresidential fixed assets only)",5423,"private_lf_inv","FAAt604","API"
1930,13,"Nonfarm nonmanufacturing (nonresidential fixed assets only)",5306,"private_lf_inv","FAAt604","API"
1931,13,"Nonfarm nonmanufacturing (nonresidential fixed assets only)",4959,"private_lf_inv","FAAt604","API"
1932,13,"Nonfarm nonmanufacturing (nonresidential fixed assets only)",4403,"private_lf_inv","FAAt604","API"
1933,13,"Nonfarm nonmanufacturing (nonresidential fixed assets only)",4094,"private_lf_inv","FAAt604","API"
1934,13,"Nonfarm nonmanufacturing (nonresidential fixed assets only)",4081,"private_lf_inv","FAAt604","API"
1935,13,"Nonfarm nonmanufacturing (nonresidential fixed assets only)",4107,"private_lf_inv","FAAt604","API"
1936,13,"Nonfarm nonmanufacturing (nonresidential fixed assets only)",4141,"private_lf_inv","FAAt604","API"
1937,13,"Nonfarm nonmanufacturing (nonresidential fixed assets only)",4600,"private_lf_inv","FAAt604","API"
1938,13,"Nonfarm nonmanufacturing (nonresidential fixed assets only)",4668,"private_lf_inv","FAAt604","API"
1939,13,"Nonfarm nonmanufacturing (nonresidential fixed assets only)",4649,"private_lf_inv","FAAt604","API"
1940,13,"Nonfarm nonmanufacturing (nonresidential fixed assets only)",4813,"private_lf_inv","FAAt604","API"
1941,13,"Nonfarm nonmanufacturing (nonresidential fixed assets only)",5265,"private_lf_inv","FAAt604","API"
1942,13,"Nonfarm nonmanufacturing (nonresidential fixed assets only)",5927,"private_lf_inv","FAAt604","API"
1943,13,"Nonfarm nonmanufacturing (nonresidential fixed assets only)",5956,"private_lf_inv","FAAt604","API"
1944,13,"Nonfarm nonmanufacturing (nonresidential fixed assets only)",6123,"private_lf_inv","FAAt604","API"
1945,13,"Nonfarm nonmanufacturing (nonresidential fixed assets only)",6272,"private_lf_inv","FAAt604","API"
1946,13,"Nonfarm nonmanufacturing (nonresidential fixed assets only)",7182,"private_lf_inv","FAAt604","API"
1947,13,"Nonfarm nonmanufacturing (nonresidential fixed assets only)",8971,"private_lf_inv","FAAt604","API"
1948,13,"Nonfarm nonmanufacturing (nonresidential fixed assets only)",10504,"private_lf_inv","FAAt604","API"
1949,13,"Nonfarm nonmanufacturing (nonresidential fixed assets only)",11404,"private_lf_inv","FAAt604","API"
1950,13,"Nonfarm nonmanufacturing (nonresidential fixed assets only)",12312,"private_lf_inv","FAAt604","API"
1951,13,"Nonfarm nonmanufacturing (nonresidential fixed assets only)",14059,"private_lf_inv","FAAt604","API"
1952,13,"Nonfarm nonmanufacturing (nonresidential fixed assets only)",14885,"private_lf_inv","FAAt604","API"
1953,13,"Nonfarm nonmanufacturing (nonresidential fixed assets only)",15808,"private_lf_inv","FAAt604","API"
1954,13,"Nonfarm nonmanufacturing (nonresidential fixed assets only)",16631,"private_lf_inv","FAAt604","API"
1955,13,"Nonfarm nonmanufacturing (nonresidential fixed assets only)",17651,"private_lf_inv","FAAt604","API"
1956,13,"Nonfarm nonmanufacturing (nonresidential fixed assets only)",19745,"private_lf_inv","FAAt604","API"
1957,13,"Nonfarm nonmanufacturing (nonresidential fixed assets only)",21668,"private_lf_inv","FAAt604","API"
1958,13,"Nonfarm nonmanufacturing (nonresidential fixed assets only)",23141,"private_lf_inv","FAAt604","API"
1959,13,"Nonfarm nonmanufacturing (nonresidential fixed assets only)",24091,"private_lf_inv","FAAt604","API"
1960,13,"Nonfarm nonmanufacturing (nonresidential fixed assets only)",24615,"private_lf_inv","FAAt604","API"
1961,13,"Nonfarm nonmanufacturing (nonresidential fixed assets only)",25365,"private_lf_inv","FAAt604","API"
1962,13,"Nonfarm nonmanufacturing (nonresidential fixed assets only)",26370,"private_lf_inv","FAAt604","API"
1963,13,"Nonfarm nonmanufacturing (nonresidential fixed assets only)",27600,"private_lf_inv","FAAt604","API"
1964,13,"Nonfarm nonmanufacturing (nonresidential fixed assets only)",29168,"private_lf_inv","FAAt604","API"
1965,13,"Nonfarm nonmanufacturing (nonresidential fixed assets only)",31312,"private_lf_inv","FAAt604","API"
1966,13,"Nonfarm nonmanufacturing (nonresidential fixed assets only)",34105,"private_lf_inv","FAAt604","API"
1967,13,"Nonfarm nonmanufacturing (nonresidential fixed assets only)",37194,"private_lf_inv","FAAt604","API"
1968,13,"Nonfarm nonmanufacturing (nonresidential fixed assets only)",40936,"private_lf_inv","FAAt604","API"
1969,13,"Nonfarm nonmanufacturing (nonresidential fixed assets only)",45429,"private_lf_inv","FAAt604","API"
1970,13,"Nonfarm nonmanufacturing (nonresidential fixed assets only)",50315,"private_lf_inv","FAAt604","API"
1971,13,"Nonfarm nonmanufacturing (nonresidential fixed assets only)",55199,"private_lf_inv","FAAt604","API"
1972,13,"Nonfarm nonmanufacturing (nonresidential fixed assets only)",60191,"private_lf_inv","FAAt604","API"
1973,13,"Nonfarm nonmanufacturing (nonresidential fixed assets only)",67469,"private_lf_inv","FAAt604","API"
1974,13,"Nonfarm nonmanufacturing (nonresidential fixed assets only)",78864,"private_lf_inv","FAAt604","API"
1975,13,"Nonfarm nonmanufacturing (nonresidential fixed assets only)",92496,"private_lf_inv","FAAt604","API"
1976,13,"Nonfarm nonmanufacturing (nonresidential fixed assets only)",101397,"private_lf_inv","FAAt604","API"
1977,13,"Nonfarm nonmanufacturing (nonresidential fixed assets only)",113699,"private_lf_inv","FAAt604","API"
1978,13,"Nonfarm nonmanufacturing (nonresidential fixed assets only)",129491,"private_lf_inv","FAAt604","API"
1979,13,"Nonfarm nonmanufacturing (nonresidential fixed assets only)",149794,"private_lf_inv","FAAt604","API"
1980,13,"Nonfarm nonmanufacturing (nonresidential fixed assets only)",173105,"private_lf_inv","FAAt604","API"
1981,13,"Nonfarm nonmanufacturing (nonresidential fixed assets only)",201314,"private_lf_inv","FAAt604","API"
1982,13,"Nonfarm nonmanufacturing (nonresidential fixed assets only)",225868,"private_lf_inv","FAAt604","API"
1983,13,"Nonfarm nonmanufacturing (nonresidential fixed assets only)",236769,"private_lf_inv","FAAt604","API"
1984,13,"Nonfarm nonmanufacturing (nonresidential fixed assets only)",251852,"private_lf_inv","FAAt604","API"
1985,13,"Nonfarm nonmanufacturing (nonresidential fixed assets only)",272365,"private_lf_inv","FAAt604","API"
1986,13,"Nonfarm nonmanufacturing (nonresidential fixed assets only)",291943,"private_lf_inv","FAAt604","API"
1987,13,"Nonfarm nonmanufacturing (nonresidential fixed assets only)",310387,"private_lf_inv","FAAt604","API"
1988,13,"Nonfarm nonmanufacturing (nonresidential fixed assets only)",336202,"private_lf_inv","FAAt604","API"
1989,13,"Nonfarm nonmanufacturing (nonresidential fixed assets only)",362465,"private_lf_inv","FAAt604","API"
1990,13,"Nonfarm nonmanufacturing (nonresidential fixed assets only)",386482,"private_lf_inv","FAAt604","API"
1991,13,"Nonfarm nonmanufacturing (nonresidential fixed assets only)",406750,"private_lf_inv","FAAt604","API"
1992,13,"Nonfarm nonmanufacturing (nonresidential fixed assets only)",417668,"private_lf_inv","FAAt604","API"
1993,13,"Nonfarm nonmanufacturing (nonresidential fixed assets only)",438062,"private_lf_inv","FAAt604","API"
1994,13,"Nonfarm nonmanufacturing (nonresidential fixed assets only)",464738,"private_lf_inv","FAAt604","API"
1995,13,"Nonfarm nonmanufacturing (nonresidential fixed assets only)",498914,"private_lf_inv","FAAt604","API"
1996,13,"Nonfarm nonmanufacturing (nonresidential fixed assets only)",526275,"private_lf_inv","FAAt604","API"
1997,13,"Nonfarm nonmanufacturing (nonresidential fixed assets only)",560343,"private_lf_inv","FAAt604","API"
1998,13,"Nonfarm nonmanufacturing (nonresidential fixed assets only)",598519,"private_lf_inv","FAAt604","API"
1999,13,"Nonfarm nonmanufacturing (nonresidential fixed assets only)",648786,"private_lf_inv","FAAt604","API"
2000,13,"Nonfarm nonmanufacturing (nonresidential fixed assets only)",714631,"private_lf_inv","FAAt604","API"
2001,13,"Nonfarm nonmanufacturing (nonresidential fixed assets only)",765356,"private_lf_inv","FAAt604","API"
2002,13,"Nonfarm nonmanufacturing (nonresidential fixed assets only)",796697,"private_lf_inv","FAAt604","API"
2003,13,"Nonfarm nonmanufacturing (nonresidential fixed assets only)",821680,"private_lf_inv","FAAt604","API"
2004,13,"Nonfarm nonmanufacturing (nonresidential fixed assets only)",867829,"private_lf_inv","FAAt604","API"
2005,13,"Nonfarm nonmanufacturing (nonresidential fixed assets only)",941350,"private_lf_inv","FAAt604","API"
2006,13,"Nonfarm nonmanufacturing (nonresidential fixed assets only)",1022236,"private_lf_inv","FAAt604","API"
2007,13,"Nonfarm nonmanufacturing (nonresidential fixed assets only)",1090935,"private_lf_inv","FAAt604","API"
2008,13,"Nonfarm nonmanufacturing (nonresidential fixed assets only)",1153480,"private_lf_inv","FAAt604","API"
2009,13,"Nonfarm nonmanufacturing (nonresidential fixed assets only)",1161056,"private_lf_inv","FAAt604","API"
2010,13,"Nonfarm nonmanufacturing (nonresidential fixed assets only)",1168210,"private_lf_inv","FAAt604","API"
2011,13,"Nonfarm nonmanufacturing (nonresidential fixed assets only)",1220240,"private_lf_inv","FAAt604","API"
2012,13,"Nonfarm nonmanufacturing (nonresidential fixed assets only)",1285810,"private_lf_inv","FAAt604","API"
2013,13,"Nonfarm nonmanufacturing (nonresidential fixed assets only)",1342858,"private_lf_inv","FAAt604","API"
2014,13,"Nonfarm nonmanufacturing (nonresidential fixed assets only)",1420410,"private_lf_inv","FAAt604","API"
2015,13,"Nonfarm nonmanufacturing (nonresidential fixed assets only)",1485067,"private_lf_inv","FAAt604","API"
2016,13,"Nonfarm nonmanufacturing (nonresidential fixed assets only)",1532648,"private_lf_inv","FAAt604","API"
2017,13,"Nonfarm nonmanufacturing (nonresidential fixed assets only)",1608153,"private_lf_inv","FAAt604","API"
2018,13,"Nonfarm nonmanufacturing (nonresidential fixed assets only)",1686865,"private_lf_inv","FAAt604","API"
2019,13,"Nonfarm nonmanufacturing (nonresidential fixed assets only)",1788402,"private_lf_inv","FAAt604","API"
2020,13,"Nonfarm nonmanufacturing (nonresidential fixed assets only)",1862642,"private_lf_inv","FAAt604","API"
2021,13,"Nonfarm nonmanufacturing (nonresidential fixed assets only)",1960713,"private_lf_inv","FAAt604","API"
2022,13,"Nonfarm nonmanufacturing (nonresidential fixed assets only)",2183828,"private_lf_inv","FAAt604","API"
2023,13,"Nonfarm nonmanufacturing (nonresidential fixed assets only)",2352407,"private_lf_inv","FAAt604","API"
2024,13,"Nonfarm nonmanufacturing (nonresidential fixed assets only)",2492881,"private_lf_inv","FAAt604","API"
